epoch,accuracy,loss,val_accuracy,val_loss,source,Model,Augmentasi,Freeze,Learning Rate,Layer,Optimizer
0,0.9030552506446838,0.3443515300750732,0.990338146686554,0.0390556044876575,1,Inception,Yes,None,0.0001,1,Adam
1,0.9940658211708068,0.0209903363138437,0.9855072498321532,0.0427055917680263,1,Inception,Yes,None,0.0001,1,Adam
2,0.9960047006607056,0.0176368411630392,0.992270529270172,0.0217275172472,1,Inception,Yes,None,0.0001,1,Adam
3,0.9965922236442566,0.0141662741079926,0.9961352944374084,0.0194821860641241,1,Inception,Yes,None,0.0001,1,Adam
4,0.9954758882522584,0.0153644382953643,0.9961352944374084,0.0143171204254031,1,Inception,Yes,None,0.0001,1,Adam
5,0.9970034956932068,0.0120450230315327,0.9777777791023254,0.0675515681505203,1,Inception,Yes,None,0.0001,1,Adam
6,0.9970622658729552,0.0120112216100096,0.9942029118537904,0.0192884895950555,1,Inception,Yes,None,0.0001,1,Adam
7,0.998237371444702,0.0071878228336572,0.9961352944374084,0.0110339000821113,1,Inception,Yes,None,0.0001,1,Adam
8,0.9986486434936525,0.006252683699131,0.9990338087081908,0.0020199683494865,1,Inception,Yes,None,0.0001,1,Adam
9,0.9960047006607056,0.014945582486689,0.9864734411239624,0.0323744677007198,1,Inception,Yes,None,0.0001,1,Adam
10,0.9980023503303528,0.0059195440262556,0.991304337978363,0.0427365414798259,1,Inception,Yes,None,0.0001,1,Adam
11,0.9995887279510498,0.0021411757916212,0.9942029118537904,0.0180259589105844,1,Inception,Yes,None,0.0001,1,Adam
12,0.9993537068367004,0.0042748958803713,0.9932367205619812,0.0199074856936931,1,Inception,Yes,None,0.0001,1,Adam
13,0.9952996373176576,0.0193042010068893,0.991304337978363,0.0270090606063604,1,Inception,Yes,None,0.0001,1,Adam
0,0.5616921186447144,1.5194206237792969,0.8792270421981812,0.4015862643718719,10,Inception,No,None,0.0001,2,Adam
1,0.9474148154258728,0.1861188858747482,0.9758453965187072,0.0565851330757141,10,Inception,No,None,0.0001,2,Adam
2,0.9850175976753236,0.0612952671945095,0.9855072498321532,0.0998590141534805,10,Inception,No,None,0.0001,2,Adam
3,0.9841362833976746,0.0521035082638263,0.966183602809906,0.1327407360076904,10,Inception,No,None,0.0001,2,Adam
4,0.9920681715011596,0.0322430245578289,0.990338146686554,0.0219741091132164,10,Inception,No,None,0.0001,2,Adam
5,0.9905992746353148,0.0354512855410575,0.966183602809906,0.1120734214782714,10,Inception,No,None,0.0001,2,Adam
6,0.9853113889694214,0.0521982200443744,0.9806763529777528,0.0523228496313095,10,Inception,No,None,0.0001,2,Adam
7,0.9926556944847108,0.025140181183815,0.990338146686554,0.0236075464636087,10,Inception,No,None,0.0001,2,Adam
8,0.9941245317459106,0.0243483986705541,1.0,0.0041307262144982,10,Inception,No,None,0.0001,2,Adam
9,0.9967685341835022,0.0150284515693783,0.990338146686554,0.0288240555673837,10,Inception,No,None,0.0001,2,Adam
10,0.9985311627388,0.0044655255042016,0.9855072498321532,0.0608945004642009,10,Inception,No,None,0.0001,2,Adam
11,0.9950058460235596,0.0154605731368064,0.9275362491607666,0.2062142640352249,10,Inception,No,None,0.0001,2,Adam
12,0.9958872199058532,0.0157964639365673,0.9806763529777528,0.1401197910308838,10,Inception,No,None,0.0001,2,Adam
13,0.9923619031906128,0.0338899679481983,0.9758453965187072,0.0883073285222053,10,Inception,No,None,0.0001,2,Adam
0,0.11175087839365,2.913339614868164,0.5053139925003052,2.314472198486328,11,VGG,Yes,½,0.001,1,SGD
1,0.5338425636291504,1.4872101545333862,0.886956512928009,0.5112740397453308,11,VGG,Yes,½,0.001,1,SGD
2,0.8072267770767212,0.5758365988731384,0.9594202637672424,0.1881256997585296,11,VGG,Yes,½,0.001,1,SGD
3,0.8955934047698975,0.3197337985038757,0.9690821170806884,0.1375101655721664,11,VGG,Yes,½,0.001,1,SGD
4,0.9310223460197448,0.2133510112762451,0.9652174115180968,0.130778357386589,11,VGG,Yes,½,0.001,1,SGD
5,0.9545828700065612,0.1526059210300445,0.9768115878105164,0.0922574698925018,11,VGG,Yes,½,0.001,1,SGD
6,0.966509997844696,0.1171788349747657,0.982608675956726,0.0498307421803474,11,VGG,Yes,½,0.001,1,SGD
7,0.97115159034729,0.0929014533758163,0.9835748672485352,0.0447745025157928,11,VGG,Yes,½,0.001,1,SGD
8,0.9800822734832764,0.0693026334047317,0.9845410585403442,0.0475922040641307,11,VGG,Yes,½,0.001,1,SGD
9,0.983489990234375,0.0603192299604415,0.990338146686554,0.0362385921180248,11,VGG,Yes,½,0.001,1,SGD
10,0.985076367855072,0.0516779758036136,0.9806763529777528,0.0574633553624153,11,VGG,Yes,½,0.001,1,SGD
11,0.9866039752960204,0.0464530922472476,0.990338146686554,0.0283675882965326,11,VGG,Yes,½,0.001,1,SGD
12,0.9867215156555176,0.0429008342325687,0.9884058237075806,0.0318850316107273,11,VGG,Yes,½,0.001,1,SGD
13,0.9898355007171632,0.0369428470730781,0.9893719553947448,0.0351059176027774,11,VGG,Yes,½,0.001,1,SGD
14,0.9907755851745604,0.0335131026804447,0.991304337978363,0.033350370824337,11,VGG,Yes,½,0.001,1,SGD
15,0.9923619031906128,0.0281312353909015,0.9932367205619812,0.0227318257093429,11,VGG,Yes,½,0.001,1,SGD
16,0.9930081963539124,0.0248481184244155,0.9942029118537904,0.0206111650913953,11,VGG,Yes,½,0.001,1,SGD
17,0.9936545491218568,0.0236385948956012,0.991304337978363,0.0281812325119972,11,VGG,Yes,½,0.001,1,SGD
18,0.9936545491218568,0.023155715316534,0.9951691031455994,0.0191376600414514,11,VGG,Yes,½,0.001,1,SGD
19,0.9937132596969604,0.0218380466103553,0.9951691031455994,0.0161961428821086,11,VGG,Yes,½,0.001,1,SGD
20,0.995064616203308,0.0190784204751253,0.991304337978363,0.0223377104848623,11,VGG,Yes,½,0.001,1,SGD
21,0.9945358633995056,0.0198656469583511,0.9951691031455994,0.0169044062495231,11,VGG,Yes,½,0.001,1,SGD
22,0.995358407497406,0.0179832559078931,0.9932367205619812,0.019264655187726,11,VGG,Yes,½,0.001,1,SGD
23,0.995064616203308,0.0174125581979751,0.9942029118537904,0.0193719863891601,11,VGG,Yes,½,0.001,1,SGD
24,0.9951821565628052,0.016116663813591,0.9942029118537904,0.013167125172913,11,VGG,Yes,½,0.001,1,SGD
25,0.9967097640037536,0.0130233969539403,0.9932367205619812,0.0177337098866701,11,VGG,Yes,½,0.001,1,SGD
26,0.996827244758606,0.0120132034644484,0.9884058237075806,0.0299915745854377,11,VGG,Yes,½,0.001,1,SGD
27,0.9964747428894044,0.0119473338127136,0.9971014261245728,0.0132752712815999,11,VGG,Yes,½,0.001,1,SGD
28,0.996827244758606,0.0109486216679215,0.9932367205619812,0.0179757941514253,11,VGG,Yes,½,0.001,1,SGD
29,0.9961809515953064,0.0127743585035204,0.9951691031455994,0.0165276788175106,11,VGG,Yes,½,0.001,1,SGD
0,0.2297884821891784,2.5060300827026367,0.7449275255203247,0.901496410369873,12,VGG,Yes,None,0.001,1,SGD
1,0.7663336992263794,0.7080549597740173,0.9439613819122314,0.1908652931451797,12,VGG,Yes,None,0.001,1,SGD
2,0.9080493450164796,0.2832324802875519,0.9594202637672424,0.130031555891037,12,VGG,Yes,None,0.001,1,SGD
3,0.9524089097976683,0.1527276635169983,0.9739130139350892,0.08431938290596,12,VGG,Yes,None,0.001,1,SGD
4,0.9671562910079956,0.1046212390065193,0.9797101616859436,0.0485826022922992,12,VGG,Yes,None,0.001,1,SGD
5,0.978965938091278,0.0692615211009979,0.9855072498321532,0.0458378121256828,12,VGG,Yes,None,0.001,1,SGD
6,0.982197403907776,0.0576460510492324,0.9893719553947448,0.0317046865820884,12,VGG,Yes,None,0.001,1,SGD
7,0.9871327877044678,0.0405203066766262,0.991304337978363,0.029050339013338,12,VGG,Yes,None,0.001,1,SGD
8,0.9903642535209656,0.0336738750338554,0.9835748672485352,0.0580895878374576,12,VGG,Yes,None,0.001,1,SGD
9,0.9901880025863647,0.0325461737811565,0.991304337978363,0.0328438207507133,12,VGG,Yes,None,0.001,1,SGD
10,0.9926556944847108,0.0236610993742942,0.9874396324157716,0.0452795960009098,12,VGG,Yes,None,0.001,1,SGD
11,0.9941245317459106,0.0184077247977256,0.991304337978363,0.0340172760188579,12,VGG,Yes,None,0.001,1,SGD
12,0.9954758882522584,0.0167916100472211,0.990338146686554,0.0304416269063949,12,VGG,Yes,None,0.001,1,SGD
0,0.0503525249660015,3.153096437454224,0.0425120778381824,3.01060152053833,13,VGG,Yes,None,0.0001,2,SGD
1,0.0542890727519989,3.054666042327881,0.0444444455206394,2.992636680603028,13,VGG,Yes,None,0.0001,2,SGD
2,0.0552878975868225,3.0277459621429443,0.0714975818991661,2.9847774505615234,13,VGG,Yes,None,0.0001,2,SGD
3,0.0554054044187068,3.012690305709839,0.0821256041526794,2.976710319519043,13,VGG,Yes,None,0.0001,2,SGD
4,0.0623971782624721,2.995838165283203,0.1033816412091255,2.9663100242614746,13,VGG,Yes,None,0.0001,2,SGD
5,0.0646886005997657,2.982145071029663,0.1410627961158752,2.9543533325195312,13,VGG,Yes,None,0.0001,2,SGD
6,0.0732079893350601,2.9664463996887207,0.1381642520427703,2.936809778213501,13,VGG,Yes,None,0.0001,2,SGD
7,0.0762632191181182,2.948803186416626,0.1507246345281601,2.9118540287017822,13,VGG,Yes,None,0.0001,2,SGD
8,0.0916568711400032,2.92835021018982,0.211594209074974,2.8740572929382324,13,VGG,Yes,None,0.0001,2,SGD
9,0.1066392511129379,2.890768527984619,0.2251207679510116,2.8042845726013184,13,VGG,Yes,None,0.0001,2,SGD
10,0.1322561651468277,2.8247628211975098,0.308212548494339,2.6793859004974365,13,VGG,Yes,None,0.0001,2,SGD
11,0.1695652157068252,2.7081706523895264,0.3903381526470184,2.4558451175689697,13,VGG,Yes,None,0.0001,2,SGD
12,0.2170387804508209,2.514744997024536,0.4975845515727997,2.1183056831359863,13,VGG,Yes,None,0.0001,2,SGD
13,0.2800235152244568,2.256057977676392,0.6270531415939331,1.7082043886184692,13,VGG,Yes,None,0.0001,2,SGD
14,0.3508813083171844,1.991329312324524,0.6550724506378174,1.365575075149536,13,VGG,Yes,None,0.0001,2,SGD
15,0.4239718019962311,1.7341216802597046,0.7700483202934265,1.0836223363876345,13,VGG,Yes,None,0.0001,2,SGD
16,0.4896592199802398,1.5270881652832031,0.8135265707969666,0.8290468454360962,13,VGG,Yes,None,0.0001,2,SGD
17,0.5468272566795349,1.3340411186218262,0.8589372038841248,0.6824343204498291,13,VGG,Yes,None,0.0001,2,SGD
18,0.5971797704696655,1.1857521533966064,0.8859903216362,0.5447563529014587,13,VGG,Yes,None,0.0001,2,SGD
19,0.6474735736846924,1.0473212003707886,0.8859903216362,0.4601262807846069,13,VGG,Yes,None,0.0001,2,SGD
20,0.6775557994842529,0.934772253036499,0.9207729697227478,0.3752023875713348,13,VGG,Yes,None,0.0001,2,SGD
21,0.7190951704978943,0.8198250532150269,0.9111111164093018,0.3663899004459381,13,VGG,Yes,None,0.0001,2,SGD
22,0.7371327877044678,0.7525873184204102,0.939130425453186,0.2697548866271972,13,VGG,Yes,None,0.0001,2,SGD
23,0.7668625116348267,0.6815770864486694,0.9207729697227478,0.2544662356376648,13,VGG,Yes,None,0.0001,2,SGD
24,0.7818449139595032,0.6297979354858398,0.9516907930374146,0.2102982997894287,13,VGG,Yes,None,0.0001,2,SGD
25,0.8071680665016174,0.5635712146759033,0.9449275135993958,0.211630642414093,13,VGG,Yes,None,0.0001,2,SGD
26,0.8218566179275513,0.522429347038269,0.9603864550590516,0.1728307008743286,13,VGG,Yes,None,0.0001,2,SGD
27,0.8332549929618835,0.4893427193164825,0.9603864550590516,0.1593407243490219,13,VGG,Yes,None,0.0001,2,SGD
28,0.845652163028717,0.4552513360977173,0.9613526463508606,0.1305010765790939,13,VGG,Yes,None,0.0001,2,SGD
29,0.8551116585731506,0.4241666495800018,0.957487940788269,0.1574127376079559,13,VGG,Yes,None,0.0001,2,SGD
30,0.8656874299049377,0.3951799273490906,0.9690821170806884,0.1330379992723465,13,VGG,Yes,None,0.0001,2,SGD
31,0.874500572681427,0.3714672327041626,0.966183602809906,0.1282988935708999,13,VGG,Yes,None,0.0001,2,SGD
32,0.8829024434089661,0.3490267693996429,0.9681159257888794,0.108396366238594,13,VGG,Yes,None,0.0001,2,SGD
33,0.8890717029571533,0.3346059620380401,0.9739130139350892,0.098685123026371,13,VGG,Yes,None,0.0001,2,SGD
34,0.8977673053741455,0.3086791634559631,0.9671497344970704,0.1037880852818489,13,VGG,Yes,None,0.0001,2,SGD
35,0.9007638096809388,0.2914904654026031,0.9690821170806884,0.1088804379105568,13,VGG,Yes,None,0.0001,2,SGD
36,0.9073442816734314,0.2761844098567962,0.9719806909561156,0.0909276232123375,13,VGG,Yes,None,0.0001,2,SGD
37,0.9154524207115172,0.2518701553344726,0.9739130139350892,0.0944097712635994,13,VGG,Yes,None,0.0001,2,SGD
38,0.9196827411651612,0.2453211098909378,0.9748792052268982,0.0791703090071678,13,VGG,Yes,None,0.0001,2,SGD
39,0.9202114939689636,0.2363788783550262,0.9777777791023254,0.0697233974933624,13,VGG,Yes,None,0.0001,2,SGD
40,0.9280258417129515,0.2170377522706985,0.9777777791023254,0.0851379781961441,13,VGG,Yes,None,0.0001,2,SGD
41,0.9285546541213988,0.2206219434738159,0.9758453965187072,0.0621316358447074,13,VGG,Yes,None,0.0001,2,SGD
42,0.9363102316856384,0.1978123933076858,0.9758453965187072,0.0745904296636581,13,VGG,Yes,None,0.0001,2,SGD
43,0.936369001865387,0.1934676021337509,0.9845410585403442,0.0548586957156658,13,VGG,Yes,None,0.0001,2,SGD
44,0.9386603832244872,0.1859386265277862,0.9787439703941344,0.0738634690642356,13,VGG,Yes,None,0.0001,2,SGD
45,0.943184494972229,0.177633136510849,0.981642484664917,0.078620932996273,13,VGG,Yes,None,0.0001,2,SGD
46,0.9402467608451844,0.1781457960605621,0.9806763529777528,0.058367870748043,13,VGG,Yes,None,0.0001,2,SGD
47,0.9454171657562256,0.1683489382266998,0.982608675956726,0.0729366391897201,13,VGG,Yes,None,0.0001,2,SGD
48,0.9471797943115234,0.1632913798093795,0.981642484664917,0.0517874285578727,13,VGG,Yes,None,0.0001,2,SGD
49,0.9505288004875184,0.154619812965393,0.9758453965187072,0.0583660192787647,13,VGG,Yes,None,0.0001,2,SGD
0,0.0558166876435279,2.9832913875579834,0.0888888910412788,2.866406917572021,14,VGG,Yes,None,0.0001,2,Adam
1,0.1109283193945884,2.8172383308410645,0.1497584581375122,2.6893839836120605,14,VGG,Yes,None,0.0001,2,Adam
2,0.1902467757463455,2.5568323135375977,0.2917874455451965,2.109937906265259,14,VGG,Yes,None,0.0001,2,Adam
3,0.3392479419708252,1.9679524898529053,0.5053139925003052,1.5110572576522827,14,VGG,Yes,None,0.0001,2,Adam
4,0.6472973227500916,1.0290720462799072,0.9449275135993958,0.2124174088239669,14,VGG,Yes,None,0.0001,2,Adam
5,0.92056405544281,0.2569240927696228,0.9690821170806884,0.1354483217000961,14,VGG,Yes,None,0.0001,2,Adam
6,0.9727967381477356,0.0944676771759986,0.9845410585403442,0.0779525488615036,14,VGG,Yes,None,0.0001,2,Adam
7,0.9811986088752748,0.0639334022998809,0.9864734411239624,0.054175492376089,14,VGG,Yes,None,0.0001,2,Adam
8,0.9847238659858704,0.0532874837517738,0.9932367205619812,0.0366412475705146,14,VGG,Yes,None,0.0001,2,Adam
9,0.9926556944847108,0.0261609405279159,0.9893719553947448,0.0854113474488258,14,VGG,Yes,None,0.0001,2,Adam
10,0.9930081963539124,0.0277440529316663,0.992270529270172,0.048323281109333,14,VGG,Yes,None,0.0001,2,Adam
11,0.9920094013214112,0.0252904016524553,0.9932367205619812,0.0356108993291854,14,VGG,Yes,None,0.0001,2,Adam
12,0.9939482808113098,0.0208803117275238,0.992270529270172,0.0474915914237499,14,VGG,Yes,None,0.0001,2,Adam
13,0.9930669665336608,0.0304338969290256,0.9961352944374084,0.0211561247706413,14,VGG,Yes,None,0.0001,2,Adam
14,0.9958284497261048,0.0156899783760309,0.9932367205619812,0.0214559100568294,14,VGG,Yes,None,0.0001,2,Adam
15,0.995945930480957,0.0202286019921302,0.9893719553947448,0.0470144748687744,14,VGG,Yes,None,0.0001,2,Adam
16,0.9951233863830566,0.018488185480237,0.992270529270172,0.0554795786738395,14,VGG,Yes,None,0.0001,2,Adam
17,0.9976498484611512,0.0111304596066474,0.9845410585403442,0.0682039931416511,14,VGG,Yes,None,0.0001,2,Adam
18,0.9964159727096558,0.0144867757335305,0.9893719553947448,0.0445150658488273,14,VGG,Yes,None,0.0001,2,Adam
0,0.0741480588912963,2.997349739074707,0.2231884002685547,2.8661694526672363,15,VGG,Yes,½,0.001,2,SGD
1,0.2171562910079956,2.545905113220215,0.6560386419296265,1.6085574626922607,15,VGG,Yes,½,0.001,2,SGD
2,0.5355464220046997,1.4020540714263916,0.8705313801765442,0.4752280712127685,15,VGG,Yes,½,0.001,2,SGD
3,0.7478848695755005,0.7321413159370422,0.7942029237747192,0.5088481307029724,15,VGG,Yes,½,0.001,2,SGD
4,0.8471210598945618,0.4405086636543274,0.9497584700584412,0.1931008100509643,15,VGG,Yes,½,0.001,2,SGD
5,0.8958871960639954,0.3111298382282257,0.9613526463508606,0.1446968615055084,15,VGG,Yes,½,0.001,2,SGD
6,0.9243243336677552,0.2267660498619079,0.9652174115180968,0.130658358335495,15,VGG,Yes,½,0.001,2,SGD
7,0.9427144527435304,0.1774192601442337,0.9729468822479248,0.1107175797224044,15,VGG,Yes,½,0.001,2,SGD
8,0.9558754563331604,0.1399641036987304,0.9787439703941344,0.0787131190299987,15,VGG,Yes,½,0.001,2,SGD
9,0.9650411009788512,0.1100543811917305,0.9787439703941344,0.067006766796112,15,VGG,Yes,½,0.001,2,SGD
10,0.9725617170333862,0.0932698026299476,0.9855072498321532,0.0435729548335075,15,VGG,Yes,½,0.001,2,SGD
11,0.9765570163726808,0.0786972939968109,0.9806763529777528,0.0560942776501178,15,VGG,Yes,½,0.001,2,SGD
12,0.9786721467971802,0.0709310472011566,0.9855072498321532,0.041712075471878,15,VGG,Yes,½,0.001,2,SGD
13,0.981022298336029,0.0599298626184463,0.9845410585403442,0.0482147485017776,15,VGG,Yes,½,0.001,2,SGD
14,0.9823736548423768,0.0554438270628452,0.9893719553947448,0.0344891734421253,15,VGG,Yes,½,0.001,2,SGD
15,0.9854289293289183,0.0514773614704608,0.990338146686554,0.0380432605743408,15,VGG,Yes,½,0.001,2,SGD
16,0.9883078932762146,0.0395347289741039,0.990338146686554,0.0358145907521247,15,VGG,Yes,½,0.001,2,SGD
17,0.9880728721618652,0.0408646129071712,0.9864734411239624,0.0447252765297889,15,VGG,Yes,½,0.001,2,SGD
18,0.9901292324066162,0.0370731316506862,0.9893719553947448,0.034858264029026,15,VGG,Yes,½,0.001,2,SGD
19,0.9910105466842652,0.0334333404898643,0.9884058237075806,0.0308239124715328,15,VGG,Yes,½,0.001,2,SGD
20,0.990716814994812,0.030630525201559,0.991304337978363,0.0391023941338062,15,VGG,Yes,½,0.001,2,SGD
21,0.9901292324066162,0.0317647568881511,0.991304337978363,0.0293942783027887,15,VGG,Yes,½,0.001,2,SGD
22,0.9917743802070618,0.0285479705780744,0.9932367205619812,0.0183169264346361,15,VGG,Yes,½,0.001,2,SGD
23,0.9907755851745604,0.0301995240151882,0.991304337978363,0.0221760254353284,15,VGG,Yes,½,0.001,2,SGD
24,0.993184506893158,0.0241540651768445,0.990338146686554,0.0334554649889469,15,VGG,Yes,½,0.001,2,SGD
25,0.992303192615509,0.0245020780712366,0.9893719553947448,0.0255050007253885,15,VGG,Yes,½,0.001,2,SGD
26,0.9939482808113098,0.0210712384432554,0.9893719553947448,0.0503474287688732,15,VGG,Yes,½,0.001,2,SGD
27,0.9925969243049622,0.0242289174348115,0.991304337978363,0.0303006097674369,15,VGG,Yes,½,0.001,2,SGD
0,0.051116332411766,3.136103391647339,0.0531400963664054,2.965693473815918,16,VGG,No,½,0.001,1,SGD
1,0.0687426552176475,2.984675645828247,0.1739130467176437,2.906690120697021,16,VGG,No,½,0.001,1,SGD
2,0.1136897802352905,2.891350746154785,0.2318840622901916,2.793060064315796,16,VGG,No,½,0.001,1,SGD
3,0.1765569895505905,2.752509593963623,0.3864734172821045,2.545907974243164,16,VGG,No,½,0.001,1,SGD
4,0.2690951824188232,2.4299840927124023,0.4589371979236603,1.9729530811309812,16,VGG,No,½,0.001,1,SGD
5,0.4118683934211731,1.936175346374512,0.4975845515727997,1.5552393198013306,16,VGG,No,½,0.001,1,SGD
6,0.52173912525177,1.4868834018707275,0.7439613342285156,0.9667744636535645,16,VGG,No,½,0.001,1,SGD
7,0.6274970769882202,1.131425857543945,0.772946834564209,0.7794283032417297,16,VGG,No,½,0.001,1,SGD
8,0.6950646042823792,0.9148802757263184,0.8647342920303345,0.573428213596344,16,VGG,No,½,0.001,1,SGD
9,0.7541127800941467,0.7498591542243958,0.6908212304115295,0.8147484064102173,16,VGG,No,½,0.001,1,SGD
10,0.7852526307106018,0.6396088600158691,0.8937197923660278,0.4311850666999817,16,VGG,No,½,0.001,1,SGD
11,0.8225616812705994,0.5292813777923584,0.8067632913589478,0.4133763611316681,16,VGG,No,½,0.001,1,SGD
12,0.8531140089035034,0.4407538771629333,0.946859896183014,0.2413060069084167,16,VGG,No,½,0.001,1,SGD
13,0.8769094944000244,0.3668676316738128,0.95652174949646,0.2126045525074005,16,VGG,No,½,0.001,1,SGD
14,0.8936545252799988,0.3258011937141418,0.95652174949646,0.1543475836515426,16,VGG,No,½,0.001,1,SGD
15,0.9115746021270752,0.2781331837177276,0.9710144996643066,0.1282316595315933,16,VGG,No,½,0.001,1,SGD
16,0.9177438020706176,0.2535752654075622,0.9806763529777528,0.0997068881988525,16,VGG,No,½,0.001,1,SGD
17,0.9333137273788452,0.2253028154373169,0.9758453965187072,0.0986422076821327,16,VGG,No,½,0.001,1,SGD
18,0.9435957670211792,0.1830566823482513,0.9758453965187072,0.0857157036662101,16,VGG,No,½,0.001,1,SGD
19,0.9474148154258728,0.1645429581403732,0.966183602809906,0.0914490446448326,16,VGG,No,½,0.001,1,SGD
20,0.95652174949646,0.1570441573858261,0.9806763529777528,0.0809052586555481,16,VGG,No,½,0.001,1,SGD
21,0.956227958202362,0.1495924592018127,0.9710144996643066,0.0976928323507309,16,VGG,No,½,0.001,1,SGD
22,0.9612221121788024,0.1369816958904266,0.9855072498321532,0.0573645494878292,16,VGG,No,½,0.001,1,SGD
23,0.95799058675766,0.1232717335224151,0.9806763529777528,0.0595898777246475,16,VGG,No,½,0.001,1,SGD
24,0.9647473692893982,0.122388906776905,0.9806763529777528,0.0642672106623649,16,VGG,No,½,0.001,1,SGD
25,0.9709165692329408,0.0967619866132736,0.9710144996643066,0.0638651326298713,16,VGG,No,½,0.001,1,SGD
26,0.9729729890823364,0.09035125374794,0.990338146686554,0.0314275510609149,16,VGG,No,½,0.001,1,SGD
27,0.977967083454132,0.0877615362405777,0.990338146686554,0.0355728454887867,16,VGG,No,½,0.001,1,SGD
28,0.9809048175811768,0.0745018348097801,0.9806763529777528,0.0647372677922248,16,VGG,No,½,0.001,1,SGD
29,0.9794359803199768,0.0773432776331901,0.9806763529777528,0.0602650232613086,16,VGG,No,½,0.001,1,SGD
30,0.9806110262870787,0.0729168877005577,0.9806763529777528,0.0695920512080192,16,VGG,No,½,0.001,1,SGD
31,0.9794359803199768,0.0693455636501312,0.9806763529777528,0.0479320622980594,16,VGG,No,½,0.001,1,SGD
0,0.1724441796541214,2.610705614089966,0.4444444477558136,1.6673158407211304,17,VGG,No,½,0.0001,1,Adam
1,0.5790246725082397,1.3017815351486206,0.9178743958473206,0.3875380158424377,17,VGG,No,½,0.0001,1,Adam
2,0.8457697033882141,0.4575377702713012,0.966183602809906,0.1225784718990325,17,VGG,No,½,0.0001,1,Adam
3,0.9306697845458984,0.2351033091545105,0.9758453965187072,0.086021788418293,17,VGG,No,½,0.0001,1,Adam
4,0.9647473692893982,0.1165185943245887,0.9806763529777528,0.1030081510543823,17,VGG,No,½,0.0001,1,Adam
5,0.9726791977882384,0.0974341034889221,0.9806763529777528,0.045375220477581,17,VGG,No,½,0.0001,1,Adam
6,0.9853113889694214,0.0484710931777954,0.9951691031455994,0.016123492270708,17,VGG,No,½,0.0001,1,Adam
7,0.9903055429458618,0.0392803959548473,0.9806763529777528,0.0280985552817583,17,VGG,No,½,0.0001,1,Adam
8,0.9873678088188172,0.0506049878895282,0.9951691031455994,0.0107330549508333,17,VGG,No,½,0.0001,1,Adam
9,0.9905992746353148,0.0333446115255355,1.0,0.0041373274289071,17,VGG,No,½,0.0001,1,Adam
10,0.991480588912964,0.0269708558917045,0.9951691031455994,0.0054939091205596,17,VGG,No,½,0.0001,1,Adam
11,0.9938308000564576,0.0239988099783658,0.9951691031455994,0.0402889586985111,17,VGG,No,½,0.0001,1,Adam
12,0.9908930659294128,0.0329479090869426,0.9951691031455994,0.0049093142151832,17,VGG,No,½,0.0001,1,Adam
13,0.9952996373176576,0.0137556940317153,0.9951691031455994,0.0262400172650814,17,VGG,No,½,0.0001,1,Adam
14,0.9944183230400084,0.0206521749496459,1.0,0.0006696165655739,17,VGG,No,½,0.0001,1,Adam
15,0.9794359803199768,0.0769286304712295,0.9806763529777528,0.1946389973163604,17,VGG,No,½,0.0001,1,Adam
16,0.9894242286682128,0.0469017326831817,0.9951691031455994,0.0358735434710979,17,VGG,No,½,0.0001,1,Adam
17,0.9973560571670532,0.0138928284868597,1.0,0.0029560420662164,17,VGG,No,½,0.0001,1,Adam
18,0.9970622658729552,0.0143320113420486,1.0,0.0006109460373409,17,VGG,No,½,0.0001,1,Adam
19,0.9973560571670532,0.0082497056573629,0.9951691031455994,0.0164851006120443,17,VGG,No,½,0.0001,1,Adam
20,0.9976498484611512,0.0102675957605242,0.9951691031455994,0.0146738402545452,17,VGG,No,½,0.0001,1,Adam
21,0.9958872199058532,0.01837108284235,1.0,0.0003027274797204,17,VGG,No,½,0.0001,1,Adam
22,0.9938308000564576,0.0197035651654005,1.0,0.0004477819893509,17,VGG,No,½,0.0001,1,Adam
23,0.9991186857223512,0.0035184656735509,0.990338146686554,0.0387046374380588,17,VGG,No,½,0.0001,1,Adam
24,0.9938308000564576,0.0205279681831598,1.0,0.0010600745445117,17,VGG,No,½,0.0001,1,Adam
25,0.990011751651764,0.0487862303853035,0.966183602809906,0.3972309827804565,17,VGG,No,½,0.0001,1,Adam
26,0.986780285835266,0.0548039115965366,1.0,0.0002499583933968,17,VGG,No,½,0.0001,1,Adam
27,0.9979435801506042,0.0074157915078103,1.0,0.0005033740890212,17,VGG,No,½,0.0001,1,Adam
28,0.999412477016449,0.0021061762236058,0.9951691031455994,0.0054695103317499,17,VGG,No,½,0.0001,1,Adam
29,1.0,0.000766982557252,1.0,1.7736960217007436e-05,17,VGG,No,½,0.0001,1,Adam
30,0.9970622658729552,0.0087676430121064,0.990338146686554,0.0317882299423217,17,VGG,No,½,0.0001,1,Adam
31,0.9970622658729552,0.0081289252266287,1.0,5.117370164953172e-05,17,VGG,No,½,0.0001,1,Adam
32,0.9970622658729552,0.0077737267129123,1.0,0.0019777591805905,17,VGG,No,½,0.0001,1,Adam
33,0.9947121143341064,0.0254516452550888,0.9951691031455994,0.020976735278964,17,VGG,No,½,0.0001,1,Adam
34,0.9947121143341064,0.0164614766836166,1.0,0.0002052652271231,17,VGG,No,½,0.0001,1,Adam
0,0.052585195749998,3.071349859237671,0.0917874425649643,2.986989974975586,18,VGG,No,½,0.001,2,SGD
1,0.0602232664823532,3.017040729522705,0.0676328465342521,2.972487688064575,18,VGG,No,½,0.001,2,SGD
2,0.0660987049341201,2.990700483322144,0.0579710155725479,2.9505064487457275,18,VGG,No,½,0.001,2,SGD
3,0.0801997631788253,2.963263750076294,0.1159420311450958,2.9112026691436768,18,VGG,No,½,0.001,2,SGD
4,0.0981198623776435,2.920945405960083,0.1449275314807891,2.8468096256256104,18,VGG,No,½,0.001,2,SGD
5,0.1104582846164703,2.865079641342163,0.2946859896183014,2.74601674079895,18,VGG,No,½,0.001,2,SGD
6,0.1521739065647125,2.7565672397613525,0.3188405930995941,2.546449422836304,18,VGG,No,½,0.001,2,SGD
7,0.2153349071741104,2.5568478107452397,0.4106280207633972,2.1885316371917725,18,VGG,No,½,0.001,2,SGD
8,0.2655699253082275,2.3064093589782715,0.5072463750839233,1.9600149393081665,18,VGG,No,½,0.001,2,SGD
9,0.3628084659576416,2.018829345703125,0.6908212304115295,1.4972864389419556,18,VGG,No,½,0.001,2,SGD
10,0.4435957670211792,1.724568009376526,0.7149758338928223,1.080716609954834,18,VGG,No,½,0.001,2,SGD
11,0.5117508769035339,1.472124695777893,0.8164251446723938,0.8957172632217407,18,VGG,No,½,0.001,2,SGD
12,0.5810810923576355,1.244817137718201,0.729468584060669,0.8351508378982544,18,VGG,No,½,0.001,2,SGD
13,0.640423059463501,1.0731379985809326,0.91304349899292,0.4840903282165527,18,VGG,No,½,0.001,2,SGD
14,0.6850763559341431,0.9289578199386596,0.9227052927017212,0.457045316696167,18,VGG,No,½,0.001,2,SGD
15,0.7191539406776428,0.8138942718505859,0.903381645679474,0.3248903453350067,18,VGG,No,½,0.001,2,SGD
16,0.7596944570541382,0.6850575804710388,0.8888888955116272,0.3543587028980255,18,VGG,No,½,0.001,2,SGD
17,0.782021164894104,0.6321814656257629,0.8937197923660278,0.3010290563106537,18,VGG,No,½,0.001,2,SGD
18,0.803760290145874,0.5554981827735901,0.966183602809906,0.2171640396118164,18,VGG,No,½,0.001,2,SGD
19,0.8207990527153015,0.5059931874275208,0.9758453965187072,0.1671361327171325,18,VGG,No,½,0.001,2,SGD
20,0.8534077405929565,0.445294439792633,0.9710144996643066,0.155070275068283,18,VGG,No,½,0.001,2,SGD
21,0.8507637977600098,0.4403681457042694,0.91304349899292,0.2605929672718048,18,VGG,No,½,0.001,2,SGD
22,0.8686838746070862,0.3906631469726562,0.9758453965187072,0.1512981951236724,18,VGG,No,½,0.001,2,SGD
23,0.8713278770446777,0.3712659776210785,0.9806763529777528,0.1286961436271667,18,VGG,No,½,0.001,2,SGD
24,0.8880728483200073,0.3394776880741119,0.9323671460151672,0.2099429368972778,18,VGG,No,½,0.001,2,SGD
25,0.9001175165176392,0.3015166223049164,0.966183602809906,0.1386229246854782,18,VGG,No,½,0.001,2,SGD
26,0.9021739363670348,0.2903778254985809,0.9806763529777528,0.1145648434758186,18,VGG,No,½,0.001,2,SGD
27,0.901292622089386,0.2772961258888244,0.9758453965187072,0.0861959308385849,18,VGG,No,½,0.001,2,SGD
28,0.9153936505317688,0.2589529454708099,0.9758453965187072,0.0940274372696876,18,VGG,No,½,0.001,2,SGD
29,0.9203878045082092,0.2463016659021377,0.9710144996643066,0.1154003217816352,18,VGG,No,½,0.001,2,SGD
30,0.9218566417694092,0.2328304797410965,0.9806763529777528,0.068769171833992,18,VGG,No,½,0.001,2,SGD
31,0.9268507361412048,0.2177455127239227,0.9806763529777528,0.0783855766057968,18,VGG,No,½,0.001,2,SGD
32,0.9371327757835388,0.2009296417236328,0.966183602809906,0.0982997640967369,18,VGG,No,½,0.001,2,SGD
33,0.9427144527435304,0.1844738870859146,0.9806763529777528,0.0603795908391475,18,VGG,No,½,0.001,2,SGD
34,0.9450646042823792,0.1789906322956085,0.9806763529777528,0.0776471495628357,18,VGG,No,½,0.001,2,SGD
35,0.946827232837677,0.1687884628772735,0.9420289993286132,0.1776119023561477,18,VGG,No,½,0.001,2,SGD
36,0.9415393471717834,0.1749768406152725,0.9806763529777528,0.0773489847779274,18,VGG,No,½,0.001,2,SGD
37,0.9471210241317748,0.1661517024040222,0.9855072498321532,0.0747092515230178,18,VGG,No,½,0.001,2,SGD
38,0.9544653296470642,0.1468660980463028,0.9806763529777528,0.0861126333475112,18,VGG,No,½,0.001,2,SGD
0,0.0564042292535305,3.010124921798706,0.0579710155725479,2.9952077865600586,19,VGG,No,½,0.0001,2,Adam
1,0.0502350181341171,2.99582314491272,0.0531400963664054,2.995482444763184,19,VGG,No,½,0.0001,2,Adam
2,0.0481786131858825,2.994114875793457,0.0531400963664054,2.9986088275909424,19,VGG,No,½,0.0001,2,Adam
3,0.0581668615341186,2.992095708847046,0.0821256041526794,2.9680395126342773,19,VGG,No,½,0.0001,2,Adam
4,0.0602232664823532,2.960325241088867,0.0869565233588218,2.889831781387329,19,VGG,No,½,0.0001,2,Adam
5,0.066686250269413,2.939335823059082,0.1062801927328109,2.887328147888184,19,VGG,No,½,0.0001,2,Adam
6,0.0746180936694145,2.912820339202881,0.0917874425649643,2.8649792671203613,19,VGG,No,½,0.0001,2,Adam
7,0.0740305557847023,2.9029831886291504,0.0917874425649643,2.814125299453736,19,VGG,No,½,0.0001,2,Adam
8,0.0837250277400016,2.884237766265869,0.0869565233588218,2.806028127670288,19,VGG,No,½,0.0001,2,Adam
9,0.0954759120941162,2.832488775253296,0.1062801927328109,2.774909734725952,19,VGG,No,½,0.0001,2,Adam
10,0.0896004736423492,2.821512460708618,0.1111111119389534,2.751112699508667,19,VGG,No,½,0.0001,2,Adam
11,0.0969447717070579,2.8000285625457764,0.1400966197252273,2.7408580780029297,19,VGG,No,½,0.0001,2,Adam
12,0.101938895881176,2.774848699569702,0.1497584581375122,2.665177822113037,19,VGG,No,½,0.0001,2,Adam
13,0.1289659291505813,2.6949353218078613,0.1835748851299286,2.412329196929932,19,VGG,No,½,0.0001,2,Adam
14,0.1877203285694122,2.455392360687256,0.256038635969162,2.1238725185394287,19,VGG,No,½,0.0001,2,Adam
15,0.265863686800003,2.167032480239868,0.3719806671142578,1.7420194149017334,19,VGG,No,½,0.0001,2,Adam
16,0.3316686153411865,1.8896644115448,0.4927536249160766,1.3962085247039795,19,VGG,No,½,0.0001,2,Adam
17,0.4080493450164795,1.6213839054107666,0.6811594367027283,1.23663592338562,19,VGG,No,½,0.0001,2,Adam
18,0.5202702879905701,1.4034993648529053,0.695652186870575,1.0131765604019165,19,VGG,No,½,0.0001,2,Adam
19,0.6172150373458862,1.1360259056091309,0.7874395847320557,0.7618273496627808,19,VGG,No,½,0.0001,2,Adam
20,0.6827262043952942,0.9442402124404908,0.7971014380455017,0.6934742331504822,19,VGG,No,½,0.0001,2,Adam
21,0.7549941539764404,0.7668683528900146,0.8743961453437805,0.5254982709884644,19,VGG,No,½,0.0001,2,Adam
22,0.7925969362258911,0.6368510127067566,0.8937197923660278,0.4045189321041107,19,VGG,No,½,0.0001,2,Adam
23,0.8301997780799866,0.5358158946037292,0.9275362491607666,0.3932186961174011,19,VGG,No,½,0.0001,2,Adam
24,0.8672150373458862,0.4208311140537262,0.9710144996643066,0.2248517423868179,19,VGG,No,½,0.0001,2,Adam
25,0.889541745185852,0.3600597679615021,0.9951691031455994,0.1641576439142227,19,VGG,No,½,0.0001,2,Adam
26,0.9171562790870668,0.2919774055480957,0.9806763529777528,0.1430763602256775,19,VGG,No,½,0.0001,2,Adam
27,0.9280258417129515,0.2612271606922149,0.9806763529777528,0.1538494527339935,19,VGG,No,½,0.0001,2,Adam
28,0.9388954043388368,0.1958422064781189,0.990338146686554,0.1043805032968521,19,VGG,No,½,0.0001,2,Adam
29,0.9336075186729432,0.2071804255247116,0.9806763529777528,0.1031912490725517,19,VGG,No,½,0.0001,2,Adam
30,0.946239709854126,0.1764064878225326,0.9855072498321532,0.1250829994678497,19,VGG,No,½,0.0001,2,Adam
31,0.9503525495529176,0.1620091795921325,0.9951691031455994,0.0666588693857193,19,VGG,No,½,0.0001,2,Adam
32,0.9482961297035216,0.1549153327941894,0.9951691031455994,0.0508994311094284,19,VGG,No,½,0.0001,2,Adam
33,0.9506462812423706,0.1603965014219284,0.9855072498321532,0.0968917906284332,19,VGG,No,½,0.0001,2,Adam
34,0.9535840153694152,0.1440185457468032,0.9855072498321532,0.1318167597055435,19,VGG,No,½,0.0001,2,Adam
35,0.9641597867012024,0.1135658770799636,0.9951691031455994,0.0632992312312126,19,VGG,No,½,0.0001,2,Adam
36,0.9659224152565002,0.1153671890497207,1.0,0.0420144535601139,19,VGG,No,½,0.0001,2,Adam
37,0.9615158438682556,0.1241644248366355,0.990338146686554,0.1126529574394226,19,VGG,No,½,0.0001,2,Adam
38,0.97679203748703,0.0857820734381675,0.9855072498321532,0.0820387229323387,19,VGG,No,½,0.0001,2,Adam
39,0.9726791977882384,0.091937132179737,0.9951691031455994,0.073690727353096,19,VGG,No,½,0.0001,2,Adam
40,0.9756169319152832,0.0833824425935745,0.9951691031455994,0.0284306462854146,19,VGG,No,½,0.0001,2,Adam
41,0.9811986088752748,0.0669922083616256,0.990338146686554,0.0560900680720806,19,VGG,No,½,0.0001,2,Adam
42,0.9835487604141236,0.0630499050021171,0.9951691031455994,0.0232487898319959,19,VGG,No,½,0.0001,2,Adam
43,0.988249123096466,0.0481442399322986,0.9951691031455994,0.0519824773073196,19,VGG,No,½,0.0001,2,Adam
44,0.9847238659858704,0.0740003213286399,0.990338146686554,0.0585091896355152,19,VGG,No,½,0.0001,2,Adam
45,0.9803172945976256,0.0762518718838691,0.990338146686554,0.048637181520462,19,VGG,No,½,0.0001,2,Adam
46,0.9926556944847108,0.0349398963153362,0.9951691031455994,0.0212100017815828,19,VGG,No,½,0.0001,2,Adam
47,0.9932432174682616,0.0287737362086772,0.9951691031455994,0.0129844229668378,19,VGG,No,½,0.0001,2,Adam
48,0.9917743802070618,0.0329570136964321,0.9951691031455994,0.0620963461697101,19,VGG,No,½,0.0001,2,Adam
49,0.9926556944847108,0.0321945622563362,0.9951691031455994,0.0176586098968982,19,VGG,No,½,0.0001,2,Adam
0,0.9219154119491576,0.2608620226383209,0.957487940788269,0.126645490527153,2,Inception,Yes,None,0.001,1,Adam
1,0.980728566646576,0.0622727200388908,0.9710144996643066,0.0995005071163177,2,Inception,Yes,None,0.001,1,Adam
2,0.9871915578842164,0.045047789812088,0.9623188376426696,0.1972105652093887,2,Inception,Yes,None,0.001,1,Adam
3,0.986780285835266,0.0468470305204391,0.9400966167449952,0.3112256824970245,2,Inception,Yes,None,0.001,1,Adam
4,0.991480588912964,0.0266732312738895,0.9227052927017212,0.2707667350769043,2,Inception,Yes,None,0.001,1,Adam
5,0.9917156100273132,0.0290410574525594,0.982608675956726,0.0620433948934078,2,Inception,Yes,None,0.001,1,Adam
6,0.9896004796028136,0.0350661054253578,0.981642484664917,0.0528254061937332,2,Inception,Yes,None,0.001,1,Adam
7,0.9938308000564576,0.0206591133028268,0.9603864550590516,0.1187222152948379,2,Inception,Yes,None,0.001,1,Adam
8,0.9965335130691528,0.0139027349650859,0.9449275135993958,0.2149543017148971,2,Inception,Yes,None,0.001,1,Adam
9,0.9901880025863647,0.0348702408373355,0.992270529270172,0.0284729991108179,2,Inception,Yes,None,0.001,1,Adam
10,0.9941245317459106,0.0221258699893951,0.982608675956726,0.0529564321041107,2,Inception,Yes,None,0.001,1,Adam
11,0.9944770932197572,0.0207198392599821,0.9681159257888794,0.1167701929807663,2,Inception,Yes,None,0.001,1,Adam
12,0.9987074136734008,0.0038499471265822,0.9971014261245728,0.0111929662525653,2,Inception,Yes,None,0.001,1,Adam
13,0.9944770932197572,0.0187338534742593,0.9748792052268982,0.1069176420569419,2,Inception,Yes,None,0.001,1,Adam
14,0.9948883652687072,0.0181996040046215,0.9719806909561156,0.0903094559907913,2,Inception,Yes,None,0.001,1,Adam
15,0.9948883652687072,0.0183604452759027,0.992270529270172,0.0136925159022212,2,Inception,Yes,None,0.001,1,Adam
16,0.9978848695755004,0.0070846532471477,0.9990338087081908,0.0033415958750993,2,Inception,Yes,None,0.001,1,Adam
17,0.9965922236442566,0.0126687847077846,0.9961352944374084,0.0110087236389517,2,Inception,Yes,None,0.001,1,Adam
18,0.9962984919548036,0.0144128119572997,0.9690821170806884,0.1437551081180572,2,Inception,Yes,None,0.001,1,Adam
19,0.9972972869873048,0.0102037889882922,0.990338146686554,0.0416098795831203,2,Inception,Yes,None,0.001,1,Adam
20,0.9973560571670532,0.0110389413312077,0.9787439703941344,0.1320398449897766,2,Inception,Yes,None,0.001,1,Adam
21,0.9955934286117554,0.0142690222710371,1.0,0.0017670050729066,2,Inception,Yes,None,0.001,1,Adam
22,0.9964159727096558,0.014056796208024,0.9884058237075806,0.0463357605040073,2,Inception,Yes,None,0.001,1,Adam
23,0.996944785118103,0.0136788943782448,0.9980676174163818,0.0074257063679397,2,Inception,Yes,None,0.001,1,Adam
24,0.9988248944282532,0.0039204596541821,0.9893719553947448,0.060470625758171,2,Inception,Yes,None,0.001,1,Adam
25,0.9995887279510498,0.0012411681236699,0.9980676174163818,0.00360715133138,2,Inception,Yes,None,0.001,1,Adam
26,1.0,0.0001615947840036,0.9990338087081908,0.0021661994978785,2,Inception,Yes,None,0.001,1,Adam
0,0.0613983534276485,3.1193645000457764,0.077294684946537,2.9565563201904297,20,VGG,No,None,0.001,1,SGD
1,0.0881316065788269,2.9496419429779053,0.0917874425649643,2.843433380126953,20,VGG,No,None,0.001,1,SGD
2,0.1580493599176406,2.7550199031829834,0.3768115937709808,2.408052682876587,20,VGG,No,None,0.001,1,SGD
3,0.3122796714305877,2.221367359161377,0.6086956262588501,1.486644625663757,20,VGG,No,None,0.001,1,SGD
4,0.522326648235321,1.4767338037490845,0.7246376872062683,0.8642474412918091,20,VGG,No,None,0.001,1,SGD
5,0.6850763559341431,0.9605919718742372,0.8067632913589478,0.5594267249107361,20,VGG,No,None,0.001,1,SGD
6,0.762338399887085,0.7187208533287048,0.8743961453437805,0.3780218362808227,20,VGG,No,None,0.001,1,SGD
7,0.8237367868423462,0.5327649116516113,0.8260869383811951,0.4395078122615814,20,VGG,No,None,0.001,1,SGD
8,0.8513513803482056,0.4329284727573395,0.9082125425338744,0.2775697708129883,20,VGG,No,None,0.001,1,SGD
9,0.8933607339859009,0.3395130336284637,0.8309178948402405,0.4871595501899719,20,VGG,No,None,0.001,1,SGD
10,0.902761459350586,0.2951510846614837,0.9420289993286132,0.1951817572116851,20,VGG,No,None,0.001,1,SGD
11,0.9189189076423644,0.2485300749540329,0.9710144996643066,0.0888780951499939,20,VGG,No,None,0.001,1,SGD
12,0.9303760528564452,0.2184381783008575,0.9613526463508606,0.1169259473681449,20,VGG,No,None,0.001,1,SGD
13,0.9512338638305664,0.1614033281803131,0.9758453965187072,0.0711253955960273,20,VGG,No,None,0.001,1,SGD
14,0.944477081298828,0.1676182746887207,0.966183602809906,0.1614574640989303,20,VGG,No,None,0.001,1,SGD
15,0.9529964923858644,0.1464616358280182,0.946859896183014,0.1221048012375831,20,VGG,No,None,0.001,1,SGD
16,0.9585781693458556,0.1308897286653518,0.9758453965187072,0.0840267911553382,20,VGG,No,None,0.001,1,SGD
17,0.9641597867012024,0.1050260365009307,0.9758453965187072,0.0574231781065464,20,VGG,No,None,0.001,1,SGD
18,0.9670975208282472,0.1112716421484947,0.9855072498321532,0.0404555723071098,20,VGG,No,None,0.001,1,SGD
19,0.9732667207717896,0.0904249921441078,0.9855072498321532,0.0554264858365058,20,VGG,No,None,0.001,1,SGD
20,0.97972971200943,0.0796112418174743,0.990338146686554,0.0445787608623504,20,VGG,No,None,0.001,1,SGD
21,0.9726791977882384,0.082995593547821,0.9806763529777528,0.045993510633707,20,VGG,No,None,0.001,1,SGD
22,0.9753231406211852,0.0753872394561767,0.9516907930374146,0.129988744854927,20,VGG,No,None,0.001,1,SGD
23,0.9820799231529236,0.063047707080841,0.9855072498321532,0.0374622382223606,20,VGG,No,None,0.001,1,SGD
24,0.9853113889694214,0.0481932833790779,0.990338146686554,0.0782496407628059,20,VGG,No,None,0.001,1,SGD
25,0.9835487604141236,0.0541669949889183,0.946859896183014,0.1475232392549514,20,VGG,No,None,0.001,1,SGD
26,0.9879553318023682,0.0503429770469665,0.990338146686554,0.0271493662148714,20,VGG,No,None,0.001,1,SGD
27,0.9879553318023682,0.0426123589277267,0.9855072498321532,0.0366403087973594,20,VGG,No,None,0.001,1,SGD
28,0.9853113889694214,0.0459892936050891,0.990338146686554,0.0439964532852172,20,VGG,No,None,0.001,1,SGD
29,0.986780285835266,0.0509186014533042,0.9855072498321532,0.0325407348573207,20,VGG,No,None,0.001,1,SGD
30,0.9894242286682128,0.0383143313229084,0.9951691031455994,0.0156821366399526,20,VGG,No,None,0.001,1,SGD
31,0.9879553318023682,0.0400434583425521,0.990338146686554,0.048706829547882,20,VGG,No,None,0.001,1,SGD
32,0.9923619031906128,0.0293969362974166,0.9951691031455994,0.0154985394328832,20,VGG,No,None,0.001,1,SGD
33,0.989130437374115,0.0338334143161773,0.990338146686554,0.020974701270461,20,VGG,No,None,0.001,1,SGD
34,0.9929494857788086,0.0264727100729942,0.990338146686554,0.0225218757987022,20,VGG,No,None,0.001,1,SGD
35,0.991480588912964,0.0317748598754406,0.990338146686554,0.0152156529948115,20,VGG,No,None,0.001,1,SGD
36,0.9929494857788086,0.0259150806814432,0.990338146686554,0.0189516451209783,20,VGG,No,None,0.001,1,SGD
37,0.9920681715011596,0.0238018985837698,0.990338146686554,0.0282523203641176,20,VGG,No,None,0.001,1,SGD
38,0.9932432174682616,0.0239534247666597,0.990338146686554,0.0154687818139791,20,VGG,No,None,0.001,1,SGD
39,0.9929494857788086,0.0224348697811365,0.990338146686554,0.0344914831221103,20,VGG,No,None,0.001,1,SGD
40,0.9935370087623596,0.0271140839904546,0.9855072498321532,0.0356817655265331,20,VGG,No,None,0.001,1,SGD
0,0.8948883414268494,0.4197298288345337,0.9893719553947448,0.0342128612101078,21,Xception,Yes,None,0.0001,1,Adam
1,0.996063470840454,0.0187040884047746,0.992270529270172,0.0229090005159378,21,Xception,Yes,None,0.0001,1,Adam
2,0.9980611205101012,0.0092032346874475,0.9951691031455994,0.0248985737562179,21,Xception,Yes,None,0.0001,1,Adam
3,0.9981786012649536,0.0081585748121142,0.9874396324157716,0.0413366742432117,21,Xception,Yes,None,0.0001,1,Adam
4,0.9992361664772034,0.0039200405590236,0.9980676174163818,0.0074108815751969,21,Xception,Yes,None,0.0001,1,Adam
5,0.9981786012649536,0.0067982412874698,0.9971014261245728,0.007430198136717,21,Xception,Yes,None,0.0001,1,Adam
6,0.9992361664772034,0.0031348769553005,0.9951691031455994,0.0116499103605747,21,Xception,Yes,None,0.0001,1,Adam
7,0.9961809515953064,0.0141598768532276,0.9932367205619812,0.0230621881783008,21,Xception,Yes,None,0.0001,1,Adam
8,0.9979435801506042,0.0069371704012155,0.9874396324157716,0.0545740760862827,21,Xception,Yes,None,0.0001,1,Adam
9,0.9988836646080016,0.0047189239412546,0.9961352944374084,0.0083054695278406,21,Xception,Yes,None,0.0001,1,Adam
0,0.0844300836324691,2.9688055515289307,0.204830914735794,2.8927206993103027,22,Xception,Yes,None,0.001,2,SGD
1,0.2007050514221191,2.755120277404785,0.4280193150043487,2.555124044418335,22,Xception,Yes,None,0.001,2,SGD
2,0.4041715562343597,2.3101818561553955,0.6318840384483337,1.957943081855774,22,Xception,Yes,None,0.001,2,SGD
3,0.587250292301178,1.785756230354309,0.7449275255203247,1.4126487970352173,22,Xception,Yes,None,0.001,2,SGD
4,0.7096357345581055,1.3329421281814575,0.825120747089386,1.0128543376922607,22,Xception,Yes,None,0.001,2,SGD
5,0.7920094132423401,0.9982765913009644,0.8714975714683533,0.7158620953559875,22,Xception,Yes,None,0.001,2,SGD
6,0.8446533679962158,0.7643309831619263,0.9101449251174928,0.5328479409217834,22,Xception,Yes,None,0.001,2,SGD
7,0.8766157627105713,0.6029984354972839,0.92946857213974,0.4138145744800567,22,Xception,Yes,None,0.001,2,SGD
8,0.9092244505882264,0.468138039112091,0.9449275135993958,0.3227857947349548,22,Xception,Yes,None,0.001,2,SGD
9,0.9317861199378968,0.3728238046169281,0.9497584700584412,0.2649886906147003,22,Xception,Yes,None,0.001,2,SGD
10,0.951175093650818,0.2925702035427093,0.9603864550590516,0.2135315537452697,22,Xception,Yes,None,0.001,2,SGD
11,0.9605170488357544,0.2366858124732971,0.9652174115180968,0.1755441278219223,22,Xception,Yes,None,0.001,2,SGD
12,0.9671562910079956,0.1988611221313476,0.9652174115180968,0.1525282114744186,22,Xception,Yes,None,0.001,2,SGD
13,0.9738543033599854,0.1655095070600509,0.9681159257888794,0.1343665421009063,22,Xception,Yes,None,0.001,2,SGD
14,0.9776145815849304,0.1431210339069366,0.9700483083724976,0.1211508810520172,22,Xception,Yes,None,0.001,2,SGD
15,0.9806697964668274,0.1247573643922805,0.9719806909561156,0.1099688336253166,22,Xception,Yes,None,0.001,2,SGD
16,0.9852526187896729,0.1078511923551559,0.9729468822479248,0.1009480655193328,22,Xception,Yes,None,0.001,2,SGD
17,0.9870740175247192,0.095756284892559,0.9729468822479248,0.0930056199431419,22,Xception,Yes,None,0.001,2,SGD
18,0.9883078932762146,0.0855113491415977,0.9748792052268982,0.0867855101823806,22,Xception,Yes,None,0.001,2,SGD
19,0.9892479181289672,0.0757881253957748,0.9768115878105164,0.081851527094841,22,Xception,Yes,None,0.001,2,SGD
20,0.991304337978363,0.0696811601519584,0.9787439703941344,0.0787120461463928,22,Xception,Yes,None,0.001,2,SGD
21,0.9928319454193116,0.0625076442956924,0.9797101616859436,0.0735996589064598,22,Xception,Yes,None,0.001,2,SGD
22,0.993184506893158,0.0576824881136417,0.982608675956726,0.0693208426237106,22,Xception,Yes,None,0.001,2,SGD
23,0.995064616203308,0.0509564578533172,0.9806763529777528,0.0684983730316162,22,Xception,Yes,None,0.001,2,SGD
24,0.9951233863830566,0.0475175976753234,0.981642484664917,0.0658217221498489,22,Xception,Yes,None,0.001,2,SGD
25,0.9958872199058532,0.043285384774208,0.981642484664917,0.0638937279582023,22,Xception,Yes,None,0.001,2,SGD
26,0.9962397217750548,0.0412895753979682,0.981642484664917,0.062238160520792,22,Xception,Yes,None,0.001,2,SGD
27,0.9957696795463562,0.0390084274113178,0.981642484664917,0.060081411153078,22,Xception,Yes,None,0.001,2,SGD
28,0.997121036052704,0.0347517021000385,0.982608675956726,0.0589906834065914,22,Xception,Yes,None,0.001,2,SGD
29,0.9970622658729552,0.0336108170449733,0.981642484664917,0.0583139173686504,22,Xception,Yes,None,0.001,2,SGD
30,0.9972385168075562,0.0312424879521131,0.982608675956726,0.0586481280624866,22,Xception,Yes,None,0.001,2,SGD
31,0.9974148273468018,0.0299278125166893,0.9835748672485352,0.0556746385991573,22,Xception,Yes,None,0.001,2,SGD
32,0.9974735379219056,0.0279978588223457,0.982608675956726,0.0545762032270431,22,Xception,Yes,None,0.001,2,SGD
33,0.9985311627388,0.0252745822072029,0.982608675956726,0.0554482787847518,22,Xception,Yes,None,0.001,2,SGD
34,0.9986486434936525,0.0239867120981216,0.982608675956726,0.0533019676804542,22,Xception,Yes,None,0.001,2,SGD
35,0.9979435801506042,0.0243604909628629,0.982608675956726,0.0520759671926498,22,Xception,Yes,None,0.001,2,SGD
36,0.9982961416244508,0.0228289067745208,0.982608675956726,0.0518648773431777,22,Xception,Yes,None,0.001,2,SGD
37,0.9987074136734008,0.0208998415619134,0.982608675956726,0.050249233841896,22,Xception,Yes,None,0.001,2,SGD
38,0.998413622379303,0.0212385319173336,0.982608675956726,0.0512515231966972,22,Xception,Yes,None,0.001,2,SGD
39,0.9989424347877502,0.0201025791466236,0.9835748672485352,0.050711840391159,22,Xception,Yes,None,0.001,2,SGD
40,0.9987661838531494,0.018385162577033,0.982608675956726,0.0502736121416091,22,Xception,Yes,None,0.001,2,SGD
41,0.9988836646080016,0.0178836118429899,0.982608675956726,0.0494710803031921,22,Xception,Yes,None,0.001,2,SGD
42,0.999294936656952,0.0172986164689064,0.9835748672485352,0.0487209074199199,22,Xception,Yes,None,0.001,2,SGD
43,0.9991186857223512,0.0166938714683055,0.982608675956726,0.0485262349247932,22,Xception,Yes,None,0.001,2,SGD
44,0.999001145362854,0.0160967092961072,0.982608675956726,0.0468238480389118,22,Xception,Yes,None,0.001,2,SGD
45,0.999412477016449,0.0153416218236088,0.9845410585403442,0.0471198931336402,22,Xception,Yes,None,0.001,2,SGD
46,0.9994711875915528,0.0148316659033298,0.9835748672485352,0.0464930012822151,22,Xception,Yes,None,0.001,2,SGD
47,0.9991186857223512,0.0146257914602756,0.9855072498321532,0.0463106594979763,22,Xception,Yes,None,0.001,2,SGD
48,0.999412477016449,0.0137041378766298,0.9845410585403442,0.0473496168851852,22,Xception,Yes,None,0.001,2,SGD
49,0.9990599155426024,0.0137950954958796,0.9864734411239624,0.0445462949573993,22,Xception,Yes,None,0.001,2,SGD
0,0.918860137462616,0.2765996754169464,0.9700483083724976,0.1193882450461387,23,Xception,Yes,None,0.001,2,Adam
1,0.9806697964668274,0.0665627941489219,0.9797101616859436,0.0737229660153389,23,Xception,Yes,None,0.001,2,Adam
2,0.9862514734268188,0.0484399273991584,0.966183602809906,0.1465199291706085,23,Xception,Yes,None,0.001,2,Adam
3,0.9837250113487244,0.0645162612199783,0.991304337978363,0.0302459225058555,23,Xception,Yes,None,0.001,2,Adam
4,0.9912455677986144,0.0311171784996986,0.9971014261245728,0.0108171114698052,23,Xception,Yes,None,0.001,2,Adam
5,0.9911868572235109,0.032446913421154,0.8966183662414551,0.8710803389549255,23,Xception,Yes,None,0.001,2,Adam
6,0.9916568994522096,0.0342466719448566,0.9884058237075806,0.0571599416434764,23,Xception,Yes,None,0.001,2,Adam
7,0.9915981292724608,0.0331266894936561,0.947826087474823,0.1592447906732559,23,Xception,Yes,None,0.001,2,Adam
8,0.9955934286117554,0.0161317344754934,0.9758453965187072,0.1039431318640708,23,Xception,Yes,None,0.001,2,Adam
9,0.99289071559906,0.0297630298882722,0.9739130139350892,0.1215707585215568,23,Xception,Yes,None,0.001,2,Adam
0,0.8804348111152649,0.4322388768196106,0.990338146686554,0.030502388253808,24,Xception,Yes,None,0.0001,2,Adam
1,0.9957109093666076,0.0183541867882013,0.9884058237075806,0.0379059538245201,24,Xception,Yes,None,0.0001,2,Adam
2,0.9955346584320068,0.0152101758867502,0.9855072498321532,0.0520199909806251,24,Xception,Yes,None,0.0001,2,Adam
3,0.996827244758606,0.0119447326287627,0.9971014261245728,0.0122499801218509,24,Xception,Yes,None,0.0001,2,Adam
4,0.9958284497261048,0.0160860791802406,0.991304337978363,0.0344912037253379,24,Xception,Yes,None,0.0001,2,Adam
5,0.997826099395752,0.0078789964318275,0.9961352944374084,0.008799210190773,24,Xception,Yes,None,0.0001,2,Adam
6,0.9995299577713012,0.0024353743065148,0.9971014261245728,0.0148052489385008,24,Xception,Yes,None,0.0001,2,Adam
7,0.999294936656952,0.0022108668927103,0.9864734411239624,0.044426005333662,24,Xception,Yes,None,0.0001,2,Adam
8,0.995064616203308,0.0188860557973384,0.9971014261245728,0.0082151005044579,24,Xception,Yes,None,0.0001,2,Adam
9,0.999294936656952,0.0025175479240715,0.9951691031455994,0.0280835162848234,24,Xception,Yes,None,0.0001,2,Adam
10,0.999706208705902,0.0014137011021375,1.0,0.0011181241134181,24,Xception,Yes,None,0.0001,2,Adam
11,0.999706208705902,0.0013449839316308,0.9961352944374084,0.0184214524924755,24,Xception,Yes,None,0.0001,2,Adam
12,0.9966509938240052,0.0148653993383049,0.9990338087081908,0.0045900773257017,24,Xception,Yes,None,0.0001,2,Adam
13,0.999001145362854,0.0049929139204323,1.0,0.000760736875236,24,Xception,Yes,None,0.0001,2,Adam
14,0.9988836646080016,0.0062620597891509,0.9980676174163818,0.0059426249936223,24,Xception,Yes,None,0.0001,2,Adam
15,0.999001145362854,0.0045003178529441,0.9971014261245728,0.0093259206041693,24,Xception,Yes,None,0.0001,2,Adam
16,0.9992361664772034,0.0035191713832318,0.9980676174163818,0.0038648042827844,24,Xception,Yes,None,0.0001,2,Adam
17,0.9985311627388,0.0061996337026357,0.992270529270172,0.023319249972701,24,Xception,Yes,None,0.0001,2,Adam
18,0.9990599155426024,0.0037143367808312,1.0,0.0007837719167582,24,Xception,Yes,None,0.0001,2,Adam
0,0.0808460637927055,2.974672555923462,0.1864734292030334,2.90929651260376,25,Xception,Yes,None,0.001,1,SGD
1,0.2172150462865829,2.739880323410034,0.4483091831207275,2.502305269241333,25,Xception,Yes,None,0.001,1,SGD
2,0.4112221002578735,2.256049394607544,0.6135265827178955,1.9170136451721191,25,Xception,Yes,None,0.001,1,SGD
3,0.5835487842559814,1.7282772064208984,0.7130434513092041,1.4134944677352903,25,Xception,Yes,None,0.001,1,SGD
4,0.703466534614563,1.2966052293777466,0.7884057760238647,1.0626965761184692,25,Xception,Yes,None,0.001,1,SGD
5,0.7749118804931641,0.9841707348823548,0.8492753505706787,0.7758615016937256,25,Xception,Yes,None,0.001,1,SGD
6,0.831022322177887,0.7690243721008301,0.8975845575332642,0.5745013356208801,25,Xception,Yes,None,0.001,1,SGD
7,0.872032880783081,0.6028429865837097,0.9111111164093018,0.4625695943832397,25,Xception,Yes,None,0.001,1,SGD
8,0.9014101028442384,0.4811046421527862,0.92946857213974,0.3661935031414032,25,Xception,Yes,None,0.001,1,SGD
9,0.9227967262268066,0.3868426978588104,0.946859896183014,0.2969260811805725,25,Xception,Yes,None,0.001,1,SGD
10,0.9431257247924804,0.3071790933609009,0.9594202637672424,0.2442469298839569,25,Xception,Yes,None,0.001,1,SGD
11,0.955816686153412,0.2509722709655761,0.9671497344970704,0.1926115304231643,25,Xception,Yes,None,0.001,1,SGD
12,0.966216206550598,0.2105129361152649,0.9719806909561156,0.1654332429170608,25,Xception,Yes,None,0.001,1,SGD
13,0.9713866114616394,0.1786679327487945,0.9777777791023254,0.1453221291303634,25,Xception,Yes,None,0.001,1,SGD
14,0.9759694337844848,0.1527419537305832,0.9845410585403442,0.1254680603742599,25,Xception,Yes,None,0.001,1,SGD
15,0.9828436970710754,0.1285949349403381,0.9864734411239624,0.112710453569889,25,Xception,Yes,None,0.001,1,SGD
16,0.985076367855072,0.111407458782196,0.9884058237075806,0.1024248376488685,25,Xception,Yes,None,0.001,1,SGD
17,0.9879553318023682,0.0978826284408569,0.9884058237075806,0.0951429232954979,25,Xception,Yes,None,0.001,1,SGD
18,0.989012897014618,0.0878344848752021,0.9874396324157716,0.0887454822659492,25,Xception,Yes,None,0.001,1,SGD
19,0.9899529814720154,0.0791338607668876,0.9884058237075806,0.0824689865112304,25,Xception,Yes,None,0.001,1,SGD
20,0.9907755851745604,0.0693756267428398,0.9884058237075806,0.0783503428101539,25,Xception,Yes,None,0.001,1,SGD
21,0.9937132596969604,0.0622673779726028,0.9884058237075806,0.0748492032289505,25,Xception,Yes,None,0.001,1,SGD
22,0.9950058460235596,0.0540229603648185,0.9893719553947448,0.0709351599216461,25,Xception,Yes,None,0.001,1,SGD
23,0.9937132596969604,0.0535147339105606,0.9893719553947448,0.068301148712635,25,Xception,Yes,None,0.001,1,SGD
24,0.9945358633995056,0.0484718903899192,0.9893719553947448,0.066209577023983,25,Xception,Yes,None,0.001,1,SGD
25,0.9955346584320068,0.0442485995590686,0.9893719553947448,0.0637741833925247,25,Xception,Yes,None,0.001,1,SGD
26,0.9963572025299072,0.0408477149903774,0.9893719553947448,0.0630834847688674,25,Xception,Yes,None,0.001,1,SGD
27,0.9974735379219056,0.0372673012316226,0.9893719553947448,0.0608779191970825,25,Xception,Yes,None,0.001,1,SGD
28,0.9970034956932068,0.036094170063734,0.9893719553947448,0.0597597993910312,25,Xception,Yes,None,0.001,1,SGD
29,0.9974148273468018,0.0323196426033973,0.990338146686554,0.0588665381073951,25,Xception,Yes,None,0.001,1,SGD
30,0.9973560571670532,0.0319698750972747,0.990338146686554,0.0576744452118873,25,Xception,Yes,None,0.001,1,SGD
31,0.9975910782814026,0.0293876137584447,0.990338146686554,0.0567779801785945,25,Xception,Yes,None,0.001,1,SGD
32,0.9978848695755004,0.0272752121090888,0.9893719553947448,0.0558442883193492,25,Xception,Yes,None,0.001,1,SGD
33,0.9983548521995544,0.0253470093011856,0.9893719553947448,0.0553018562495708,25,Xception,Yes,None,0.001,1,SGD
34,0.9981786012649536,0.0253455098718404,0.990338146686554,0.0550123713910579,25,Xception,Yes,None,0.001,1,SGD
35,0.9984723925590516,0.0237620677798986,0.990338146686554,0.0547453202307224,25,Xception,Yes,None,0.001,1,SGD
36,0.9987661838531494,0.0214279405772686,0.990338146686554,0.0548735372722148,25,Xception,Yes,None,0.001,1,SGD
37,0.9987074136734008,0.0216845348477363,0.990338146686554,0.0532382652163505,25,Xception,Yes,None,0.001,1,SGD
38,0.9987661838531494,0.0207170248031616,0.990338146686554,0.0531621277332305,25,Xception,Yes,None,0.001,1,SGD
39,0.9992361664772034,0.0190861318260431,0.990338146686554,0.052204892039299,25,Xception,Yes,None,0.001,1,SGD
40,0.9986486434936525,0.0189250968396663,0.990338146686554,0.0524315647780895,25,Xception,Yes,None,0.001,1,SGD
41,0.9988248944282532,0.018501054495573,0.990338146686554,0.0517886318266391,25,Xception,Yes,None,0.001,1,SGD
42,0.9990599155426024,0.0172339230775833,0.990338146686554,0.0512885227799415,25,Xception,Yes,None,0.001,1,SGD
43,0.9991186857223512,0.0166698563843965,0.990338146686554,0.0506848767399787,25,Xception,Yes,None,0.001,1,SGD
44,0.9989424347877502,0.0157575756311416,0.990338146686554,0.0506069920957088,25,Xception,Yes,None,0.001,1,SGD
45,0.9991186857223512,0.0154284322634339,0.990338146686554,0.0502024665474891,25,Xception,Yes,None,0.001,1,SGD
46,0.9995299577713012,0.0145433703437447,0.990338146686554,0.0501945726573467,25,Xception,Yes,None,0.001,1,SGD
47,0.9995299577713012,0.0140052279457449,0.990338146686554,0.050163809210062,25,Xception,Yes,None,0.001,1,SGD
48,0.9992361664772034,0.013692170381546,0.990338146686554,0.0493395328521728,25,Xception,Yes,None,0.001,1,SGD
49,0.9993537068367004,0.0140667743980884,0.9893719553947448,0.0483934432268142,25,Xception,Yes,None,0.001,1,SGD
0,0.9140422940254213,0.2904556095600128,0.9748792052268982,0.1291439831256866,26,Xception,Yes,½,0.001,2,Adam
1,0.9818449020385742,0.0620927922427654,0.9835748672485352,0.0569759905338287,26,Xception,Yes,½,0.001,2,Adam
2,0.9817861318588256,0.0699394568800926,0.9681159257888794,0.2218616753816604,26,Xception,Yes,½,0.001,2,Adam
3,0.988542914390564,0.045754101127386,0.9942029118537904,0.032084621489048,26,Xception,Yes,½,0.001,2,Adam
4,0.993889570236206,0.0291063580662012,0.9642512202262878,0.1242242604494094,26,Xception,Yes,½,0.001,2,Adam
5,0.9939482808113098,0.027152070775628,0.9874396324157716,0.0379611551761627,26,Xception,Yes,½,0.001,2,Adam
6,0.9896004796028136,0.0402015335857868,0.9642512202262878,0.2030210047960281,26,Xception,Yes,½,0.001,2,Adam
7,0.9948883652687072,0.0227998401969671,0.9980676174163818,0.0097379554063081,26,Xception,Yes,½,0.001,2,Adam
8,0.9950058460235596,0.0196474604308605,0.9710144996643066,0.1922854036092758,26,Xception,Yes,½,0.001,2,Adam
9,0.9935370087623596,0.0241969097405672,0.9932367205619812,0.027628093957901,26,Xception,Yes,½,0.001,2,Adam
10,0.992185652256012,0.0325732603669166,0.9874396324157716,0.0610935725271701,26,Xception,Yes,½,0.001,2,Adam
11,0.9955934286117554,0.019199026748538,0.990338146686554,0.056580264121294,26,Xception,Yes,½,0.001,2,Adam
12,0.9988248944282532,0.0042148437350988,0.957487940788269,0.6906626224517822,26,Xception,Yes,½,0.001,2,Adam
0,0.9433607459068298,0.1965849995613098,0.9797101616859436,0.0651143342256546,27,Xception,Yes,None,0.001,1,Adam
1,0.9883666038513184,0.0424651652574539,0.9932367205619812,0.0340304188430309,27,Xception,Yes,None,0.001,1,Adam
2,0.9925382137298584,0.0275429487228393,0.9835748672485352,0.0686795115470886,27,Xception,Yes,None,0.001,1,Adam
3,0.995652198791504,0.0176387056708335,0.9545893669128418,0.1860223412513733,27,Xception,Yes,None,0.001,1,Adam
4,0.9903642535209656,0.0356280766427516,0.991304337978363,0.0382300391793251,27,Xception,Yes,None,0.001,1,Adam
5,0.995945930480957,0.0141568137332797,0.9729468822479248,0.1292116045951843,27,Xception,Yes,None,0.001,1,Adam
6,0.9949471354484558,0.0197349619120359,0.9971014261245728,0.009028635919094,27,Xception,Yes,None,0.001,1,Adam
7,0.9972972869873048,0.0099188219755887,0.9961352944374084,0.0116163967177271,27,Xception,Yes,None,0.001,1,Adam
8,0.996122181415558,0.0167698413133621,0.9874396324157716,0.0448959395289421,27,Xception,Yes,None,0.001,1,Adam
9,0.995358407497406,0.0151409739628434,0.991304337978363,0.0346844680607318,27,Xception,Yes,None,0.001,1,Adam
10,0.995064616203308,0.018275124952197,0.9932367205619812,0.0207584407180547,27,Xception,Yes,None,0.001,1,Adam
11,0.9985898733139038,0.0045590051449835,0.9942029118537904,0.025196623057127,27,Xception,Yes,None,0.001,1,Adam
0,0.9401879906654358,0.2019981145858764,0.9623188376426696,0.1510903984308242,28,Xception,Yes,½,0.001,1,Adam
1,0.9883078932762146,0.0401522368192672,0.981642484664917,0.0729456022381782,28,Xception,Yes,½,0.001,1,Adam
2,0.9919506311416626,0.0263500045984983,0.9971014261245728,0.0123586412519216,28,Xception,Yes,½,0.001,1,Adam
3,0.9933607578277588,0.0200684908777475,0.946859896183014,0.2409586161375045,28,Xception,Yes,½,0.001,1,Adam
4,0.9940070509910583,0.0210529137402772,0.9864734411239624,0.0507466681301593,28,Xception,Yes,½,0.001,1,Adam
5,0.9957109093666076,0.0143930045887827,0.9864734411239624,0.0776566714048385,28,Xception,Yes,½,0.001,1,Adam
6,0.995064616203308,0.0209736134856939,0.9864734411239624,0.0513211451470851,28,Xception,Yes,½,0.001,1,Adam
7,0.9957696795463562,0.0120086260139942,0.9951691031455994,0.0128530170768499,28,Xception,Yes,½,0.001,1,Adam
0,0.794359564781189,0.6830865144729614,0.5024154782295227,6.329487323760986,29,Xception,No,None,0.001,1,Adam
1,0.9759106636047364,0.0995469987392425,0.9178743958473206,0.2334196716547012,29,Xception,No,None,0.001,1,Adam
2,0.9762044548988342,0.0925928726792335,0.937198042869568,0.2983422577381134,29,Xception,No,None,0.001,1,Adam
3,0.9814923405647278,0.0659176707267761,0.9855072498321532,0.0678096264600753,29,Xception,No,None,0.001,1,Adam
4,0.998237371444702,0.011514444835484,0.9275362491607666,0.2687614858150482,29,Xception,No,None,0.001,1,Adam
5,0.9923619031906128,0.0323210954666137,0.95652174949646,0.1492505669593811,29,Xception,No,None,0.001,1,Adam
6,0.989717960357666,0.0422137267887592,0.695652186870575,1.7335079908370972,29,Xception,No,None,0.001,1,Adam
7,0.9935370087623596,0.024905327707529,0.9178743958473206,0.2511109709739685,29,Xception,No,None,0.001,1,Adam
8,0.9950058460235596,0.0217949822545051,0.9420289993286132,0.2519901394844055,29,Xception,No,None,0.001,1,Adam
0,0.8819624185562134,0.4033649563789367,0.958454132080078,0.2977464199066162,3,Inception,Yes,None,0.001,2,Adam
1,0.9781433343887328,0.0805113315582275,0.92946857213974,0.4047950208187103,3,Inception,Yes,None,0.001,2,Adam
2,0.9743830561637878,0.0912469178438186,0.8917874693870544,0.4633910655975342,3,Inception,Yes,None,0.001,2,Adam
3,0.9876028299331664,0.0446871370077133,0.9864734411239624,0.0482598952949047,3,Inception,Yes,None,0.001,2,Adam
4,0.9881903529167176,0.0427479743957519,0.9855072498321532,0.0478336550295352,3,Inception,Yes,None,0.001,2,Adam
5,0.9840775728225708,0.0626332983374595,0.9671497344970704,0.2084145247936248,3,Inception,Yes,None,0.001,2,Adam
6,0.9877790808677672,0.042510375380516,0.9787439703941344,0.0688004121184349,3,Inception,Yes,None,0.001,2,Adam
7,0.9917156100273132,0.0346021354198455,0.9710144996643066,0.1178838014602661,3,Inception,Yes,None,0.001,2,Adam
8,0.9900705218315125,0.0366555750370025,0.9671497344970704,0.1994102150201797,3,Inception,Yes,None,0.001,2,Adam
9,0.9940070509910583,0.0258109550923109,0.991304337978363,0.0198191348463296,3,Inception,Yes,None,0.001,2,Adam
10,0.9945358633995056,0.0237163845449686,0.991304337978363,0.0284498501569032,3,Inception,Yes,None,0.001,2,Adam
11,0.990423023700714,0.0399213470518589,0.9526569843292236,0.2595366835594177,3,Inception,Yes,None,0.001,2,Adam
12,0.994770884513855,0.0209862329065799,0.9893719553947448,0.0230623595416545,3,Inception,Yes,None,0.001,2,Adam
13,0.9948883652687072,0.0207592025399208,0.9942029118537904,0.0088562192395329,3,Inception,Yes,None,0.001,2,Adam
14,0.9938308000564576,0.0235437601804733,0.9748792052268982,0.1203048005700111,3,Inception,Yes,None,0.001,2,Adam
15,0.9941245317459106,0.0255984980612993,0.992270529270172,0.0265311747789382,3,Inception,Yes,None,0.001,2,Adam
16,0.9951821565628052,0.018529949709773,0.9893719553947448,0.0309735499322414,3,Inception,Yes,None,0.001,2,Adam
17,0.9938308000564576,0.0276607237756252,0.9555555582046508,0.1869449615478515,3,Inception,Yes,None,0.001,2,Adam
18,0.9952996373176576,0.0166504085063934,0.9932367205619812,0.0163673013448715,3,Inception,Yes,None,0.001,2,Adam
0,0.6154524087905884,1.5092843770980835,0.8792270421981812,0.3849121034145355,30,Xception,No,None,0.0001,1,Adam
1,0.9676851034164428,0.1629804819822311,0.9758453965187072,0.0945874452590942,30,Xception,No,None,0.0001,1,Adam
2,0.9911868572235109,0.0469003543257713,0.9758453965187072,0.0945740789175033,30,Xception,No,None,0.0001,1,Adam
3,0.9976498484611512,0.0173351075500249,0.9806763529777528,0.059876874089241,30,Xception,No,None,0.0001,1,Adam
4,0.9985311627388,0.0118567859753966,0.9855072498321532,0.0460680909454822,30,Xception,No,None,0.0001,1,Adam
5,0.998237371444702,0.0085322968661785,0.990338146686554,0.0437459237873554,30,Xception,No,None,0.0001,1,Adam
6,0.9979435801506042,0.0115864304825663,0.9758453965187072,0.0830625519156456,30,Xception,No,None,0.0001,1,Adam
7,0.999706208705902,0.0046734120696783,0.9758453965187072,0.0619707107543945,30,Xception,No,None,0.0001,1,Adam
8,0.9967685341835022,0.0109568899497389,0.9758453965187072,0.11785639077425,30,Xception,No,None,0.0001,1,Adam
9,0.9929494857788086,0.0270748734474182,0.9855072498321532,0.053254198282957,30,Xception,No,None,0.0001,1,Adam
10,0.9941245317459106,0.0233675111085176,0.966183602809906,0.1880243271589279,30,Xception,No,None,0.0001,1,Adam
0,0.3196827173233032,2.3680970668792725,0.7652173638343811,1.1981356143951416,4,Inception,Yes,None,0.001,1,SGD
1,0.7961809635162354,0.90526682138443,0.9352657198905944,0.3822413682937622,4,Inception,Yes,None,0.001,1,SGD
2,0.9232667684555054,0.3647169470787048,0.9603864550590516,0.1760215610265731,4,Inception,Yes,None,0.001,1,SGD
3,0.9638072848320008,0.1966006904840469,0.9729468822479248,0.106901116669178,4,Inception,Yes,None,0.001,1,SGD
4,0.9793772101402284,0.1196114271879196,0.9787439703941344,0.0750684812664985,4,Inception,Yes,None,0.001,1,SGD
5,0.9873090386390686,0.0801431238651275,0.981642484664917,0.0581489466130733,4,Inception,Yes,None,0.001,1,SGD
6,0.9905992746353148,0.0605535395443439,0.9806763529777528,0.0532984621822834,4,Inception,Yes,None,0.001,1,SGD
7,0.9952996373176576,0.0459955111145973,0.9855072498321532,0.0470770522952079,4,Inception,Yes,None,0.001,1,SGD
8,0.995945930480957,0.0366954766213893,0.9893719553947448,0.0436629056930542,4,Inception,Yes,None,0.001,1,SGD
9,0.9967685341835022,0.0294903423637151,0.9845410585403442,0.0565849840641021,4,Inception,Yes,None,0.001,1,SGD
10,0.997532308101654,0.0262375976890325,0.9864734411239624,0.0409369058907032,4,Inception,Yes,None,0.001,1,SGD
11,0.9979435801506042,0.0224178191274404,0.9864734411239624,0.0377439223229885,4,Inception,Yes,None,0.001,1,SGD
12,0.998237371444702,0.0188690517097711,0.9864734411239624,0.0397104956209659,4,Inception,Yes,None,0.001,1,SGD
13,0.998237371444702,0.0173682272434234,0.9845410585403442,0.044950321316719,4,Inception,Yes,None,0.001,1,SGD
14,0.9990599155426024,0.0148724494501948,0.9884058237075806,0.0393949672579765,4,Inception,Yes,None,0.001,1,SGD
15,0.9989424347877502,0.0134899439290165,0.9893719553947448,0.038935512304306,4,Inception,Yes,None,0.001,1,SGD
16,0.9992361664772034,0.0126241911202669,0.9874396324157716,0.0368767902255058,4,Inception,Yes,None,0.001,1,SGD
17,0.999001145362854,0.0117415804415941,0.990338146686554,0.0305391084402799,4,Inception,Yes,None,0.001,1,SGD
18,0.9993537068367004,0.0114069087430834,0.9893719553947448,0.031959980726242,4,Inception,Yes,None,0.001,1,SGD
19,0.999706208705902,0.0096052912995219,0.9884058237075806,0.0368320010602474,4,Inception,Yes,None,0.001,1,SGD
20,0.9994711875915528,0.0092021776363253,0.9893719553947448,0.0340093448758125,4,Inception,Yes,None,0.001,1,SGD
21,0.9995887279510498,0.0088819544762372,0.9884058237075806,0.0311516504734754,4,Inception,Yes,None,0.001,1,SGD
22,0.9995887279510498,0.0076601281762123,0.9874396324157716,0.0344528034329414,4,Inception,Yes,None,0.001,1,SGD
0,0.1723266690969467,2.770729780197144,0.6628019213676453,2.00386381149292,5,Inception,Yes,None,0.001,2,SGD
1,0.6086369156837463,1.584673523902893,0.8763285279273987,0.6951682567596436,5,Inception,Yes,None,0.001,2,SGD
2,0.8478260636329651,0.6959059238433838,0.9420289993286132,0.2638702094554901,5,Inception,Yes,None,0.001,2,SGD
3,0.9323737025260924,0.335837185382843,0.9681159257888794,0.138130635023117,5,Inception,Yes,None,0.001,2,SGD
4,0.9606932997703552,0.1977934539318084,0.982608675956726,0.0783188492059707,5,Inception,Yes,None,0.001,2,SGD
5,0.9771445393562316,0.1285368353128433,0.9845410585403442,0.0586960427463054,5,Inception,Yes,None,0.001,2,SGD
6,0.984371304512024,0.0925948396325111,0.991304337978363,0.0389244817197322,5,Inception,Yes,None,0.001,2,SGD
7,0.9904817938804626,0.0664200633764267,0.9942029118537904,0.0301749221980571,5,Inception,Yes,None,0.001,2,SGD
8,0.9937132596969604,0.0507861375808715,0.9942029118537904,0.0285742096602916,5,Inception,Yes,None,0.001,2,SGD
9,0.9957696795463562,0.0391885936260223,0.9932367205619812,0.0258222427219152,5,Inception,Yes,None,0.001,2,SGD
10,0.9955934286117554,0.034221950918436,0.9942029118537904,0.0232302658259868,5,Inception,Yes,None,0.001,2,SGD
11,0.9972385168075562,0.0268146991729736,0.9942029118537904,0.0219464506953954,5,Inception,Yes,None,0.001,2,SGD
12,0.9974148273468018,0.0237332340329885,0.992270529270172,0.0219155754894018,5,Inception,Yes,None,0.001,2,SGD
13,0.9987074136734008,0.0205777511000633,0.9951691031455994,0.0154281137511134,5,Inception,Yes,None,0.001,2,SGD
14,0.9980023503303528,0.0191006064414978,0.9942029118537904,0.0184602867811918,5,Inception,Yes,None,0.001,2,SGD
15,0.998237371444702,0.0175399109721183,0.9942029118537904,0.0147823616862297,5,Inception,Yes,None,0.001,2,SGD
16,0.9990599155426024,0.0145879033952951,0.9951691031455994,0.0153522510081529,5,Inception,Yes,None,0.001,2,SGD
17,0.9991774559020996,0.0135352192446589,0.9951691031455994,0.0151985017582774,5,Inception,Yes,None,0.001,2,SGD
18,0.9987074136734008,0.0128580527380108,0.9951691031455994,0.0152565315365791,5,Inception,Yes,None,0.001,2,SGD
19,0.9991186857223512,0.0118422145023942,0.9951691031455994,0.0171708483248949,5,Inception,Yes,None,0.001,2,SGD
20,0.9992361664772034,0.0109443077817559,0.9951691031455994,0.0138716213405132,5,Inception,Yes,None,0.001,2,SGD
21,0.999001145362854,0.0101069761440157,0.9951691031455994,0.0161340795457363,5,Inception,Yes,None,0.001,2,SGD
22,0.9992361664772034,0.0090696206316351,0.9961352944374084,0.0141493985429406,5,Inception,Yes,None,0.001,2,SGD
23,0.9995887279510498,0.0084624430164694,0.9961352944374084,0.0150061696767807,5,Inception,Yes,None,0.001,2,SGD
24,0.9995887279510498,0.0081729972735047,0.9961352944374084,0.0136181637644767,5,Inception,Yes,None,0.001,2,SGD
25,0.9995887279510498,0.007692749146372,0.9961352944374084,0.013303636573255,5,Inception,Yes,None,0.001,2,SGD
26,0.999412477016449,0.0074243787676095,0.9951691031455994,0.0164687223732471,5,Inception,Yes,None,0.001,2,SGD
27,0.9997649788856506,0.0065923603251576,0.9951691031455994,0.0151734761893749,5,Inception,Yes,None,0.001,2,SGD
28,0.9999412298202516,0.006310487166047,0.9961352944374084,0.0133338356390595,5,Inception,Yes,None,0.001,2,SGD
29,0.9996474981307985,0.0061410954222083,0.9961352944374084,0.0144965164363384,5,Inception,Yes,None,0.001,2,SGD
30,0.9998237490653992,0.0056937905028462,0.9942029118537904,0.0142002794891595,5,Inception,Yes,None,0.001,2,SGD
0,0.6786134243011475,1.140286564826965,0.8164251446723938,0.6255472302436829,6,Inception,No,None,0.0001,1,Adam
1,0.9638660550117492,0.1426948606967926,0.9855072498321532,0.0411260016262531,6,Inception,No,None,0.0001,1,Adam
2,0.9888366460800172,0.0433219745755195,0.9951691031455994,0.027647215873003,6,Inception,No,None,0.0001,1,Adam
3,0.9858989715576172,0.0451961122453212,0.95652174949646,0.0989997312426567,6,Inception,No,None,0.0001,1,Adam
4,0.9905992746353148,0.035750389099121,1.0,0.0155766187235713,6,Inception,No,None,0.0001,1,Adam
5,0.9955934286117554,0.0202390328049659,0.9951691031455994,0.0124009978026151,6,Inception,No,None,0.0001,1,Adam
6,0.9926556944847108,0.0254597887396812,0.9951691031455994,0.0605542846024036,6,Inception,No,None,0.0001,1,Adam
7,0.9944183230400084,0.025554072111845,0.9855072498321532,0.0475579015910625,6,Inception,No,None,0.0001,1,Adam
8,0.9950058460235596,0.0211673360317945,0.9855072498321532,0.0346866510808467,6,Inception,No,None,0.0001,1,Adam
9,0.9973560571670532,0.0087590441107749,0.9855072498321532,0.0356730818748474,6,Inception,No,None,0.0001,1,Adam
10,0.9988248944282532,0.006115164142102,0.9951691031455994,0.0097471373155713,6,Inception,No,None,0.0001,1,Adam
11,0.999412477016449,0.0057495841756463,0.9951691031455994,0.0119118122383952,6,Inception,No,None,0.0001,1,Adam
12,0.998237371444702,0.0062532280571758,0.9951691031455994,0.0097343157976865,6,Inception,No,None,0.0001,1,Adam
13,0.9991186857223512,0.0083618201315402,0.9951691031455994,0.0050839334726333,6,Inception,No,None,0.0001,1,Adam
14,0.999412477016449,0.0033408203162252,0.9951691031455994,0.0124831395223736,6,Inception,No,None,0.0001,1,Adam
15,1.0,0.0006962297484278,0.9951691031455994,0.0064669949933886,6,Inception,No,None,0.0001,1,Adam
16,0.9976498484611512,0.0074365572072565,0.9951691031455994,0.006728530395776,6,Inception,No,None,0.0001,1,Adam
17,0.9964747428894044,0.0133401164785027,0.9855072498321532,0.0360513739287853,6,Inception,No,None,0.0001,1,Adam
18,0.9958872199058532,0.0192789211869239,0.966183602809906,0.1096830070018768,6,Inception,No,None,0.0001,1,Adam
0,0.0887191519141197,3.055368661880493,0.1256038695573806,2.969846248626709,7,Inception,No,None,0.001,1,SGD
1,0.2188601642847061,2.6452560424804688,0.3140096664428711,2.477234125137329,7,Inception,No,None,0.001,1,SGD
2,0.4224441945552826,2.1827712059021,0.6473429799079895,1.7777891159057615,7,Inception,No,None,0.001,1,SGD
3,0.5822561979293823,1.7151237726211548,0.7536231875419617,1.3059405088424685,7,Inception,No,None,0.001,1,SGD
4,0.7024089097976685,1.3473637104034424,0.8743961453437805,0.96833074092865,7,Inception,No,None,0.001,1,SGD
5,0.7693889737129211,1.0708431005477903,0.8840579986572266,0.7637729644775391,7,Inception,No,None,0.001,1,SGD
6,0.8299059867858887,0.8590176701545715,0.8792270421981812,0.6408346891403198,7,Inception,No,None,0.001,1,SGD
7,0.8642773032188416,0.6925475597381592,0.8985507488250732,0.5080733895301819,7,Inception,No,None,0.001,1,SGD
8,0.8898354768753052,0.5761654376983643,0.9323671460151672,0.4123587608337402,7,Inception,No,None,0.001,1,SGD
9,0.912455916404724,0.4724990129470825,0.9420289993286132,0.3441715836524963,7,Inception,No,None,0.001,1,SGD
10,0.934488832950592,0.3929084837436676,0.946859896183014,0.3025791943073272,7,Inception,No,None,0.001,1,SGD
11,0.9421269297599792,0.3368273079395294,0.9323671460151672,0.2590171992778778,7,Inception,No,None,0.001,1,SGD
12,0.954759120941162,0.2826174199581146,0.9420289993286132,0.2255637645721435,7,Inception,No,None,0.001,1,SGD
13,0.9615158438682556,0.2388143539428711,0.9613526463508606,0.1911057531833648,7,Inception,No,None,0.001,1,SGD
14,0.968272626399994,0.2014906406402588,0.9758453965187072,0.1764174997806549,7,Inception,No,None,0.001,1,SGD
15,0.9759106636047364,0.1769849956035614,0.9710144996643066,0.1583978533744812,7,Inception,No,None,0.001,1,SGD
16,0.9814923405647278,0.1515831053256988,0.9758453965187072,0.1461078226566314,7,Inception,No,None,0.001,1,SGD
17,0.9858989715576172,0.1360159963369369,0.9758453965187072,0.1250871270895004,7,Inception,No,None,0.001,1,SGD
18,0.9858989715576172,0.1240774542093277,0.9758453965187072,0.1178134679794311,7,Inception,No,None,0.001,1,SGD
19,0.989130437374115,0.1038928031921386,0.9806763529777528,0.1085319221019744,7,Inception,No,None,0.001,1,SGD
20,0.9917743802070618,0.0946830362081527,0.990338146686554,0.0923580974340438,7,Inception,No,None,0.001,1,SGD
21,0.9929494857788086,0.0872605964541435,0.9806763529777528,0.091468222439289,7,Inception,No,None,0.001,1,SGD
22,0.9926556944847108,0.0839859247207641,0.990338146686554,0.0829471573233604,7,Inception,No,None,0.001,1,SGD
23,0.9950058460235596,0.0717998370528221,0.990338146686554,0.0811528712511062,7,Inception,No,None,0.001,1,SGD
24,0.9964747428894044,0.0688937082886695,0.990338146686554,0.0741217881441116,7,Inception,No,None,0.001,1,SGD
25,0.9955934286117554,0.0644271671772003,0.9855072498321532,0.0724593847990036,7,Inception,No,None,0.001,1,SGD
26,0.9952996373176576,0.0637151226401329,0.9855072498321532,0.0743055865168571,7,Inception,No,None,0.001,1,SGD
27,0.9964747428894044,0.0526994504034519,0.9855072498321532,0.0630444809794426,7,Inception,No,None,0.001,1,SGD
28,0.9967685341835022,0.0490333437919616,0.9855072498321532,0.0639126822352409,7,Inception,No,None,0.001,1,SGD
29,0.9967685341835022,0.0448170267045497,0.990338146686554,0.0595940202474594,7,Inception,No,None,0.001,1,SGD
30,0.998237371444702,0.0465663820505142,0.9855072498321532,0.0541751943528652,7,Inception,No,None,0.001,1,SGD
31,0.9973560571670532,0.0416598059237003,0.990338146686554,0.0512797273695468,7,Inception,No,None,0.001,1,SGD
32,0.998237371444702,0.0402216166257858,0.9855072498321532,0.0553543344140052,7,Inception,No,None,0.001,1,SGD
33,0.998237371444702,0.03829962387681,0.990338146686554,0.0515494309365749,7,Inception,No,None,0.001,1,SGD
34,0.9979435801506042,0.0356689691543579,0.9806763529777528,0.0521497279405593,7,Inception,No,None,0.001,1,SGD
35,0.9985311627388,0.0357185937464237,0.990338146686554,0.0454669706523418,7,Inception,No,None,0.001,1,SGD
36,0.999412477016449,0.0312893316149711,0.9951691031455994,0.044818177819252,7,Inception,No,None,0.001,1,SGD
37,0.999706208705902,0.0300846006721258,0.990338146686554,0.0456557348370552,7,Inception,No,None,0.001,1,SGD
38,0.9988248944282532,0.0326441340148448,0.990338146686554,0.0399647988379001,7,Inception,No,None,0.001,1,SGD
39,0.998237371444702,0.0293844509869813,0.990338146686554,0.0390523672103881,7,Inception,No,None,0.001,1,SGD
40,0.998237371444702,0.0292625520378351,0.990338146686554,0.0367842093110084,7,Inception,No,None,0.001,1,SGD
41,0.9985311627388,0.0269151609390974,0.9855072498321532,0.0449189729988575,7,Inception,No,None,0.001,1,SGD
42,0.9988248944282532,0.0258754342794418,0.9855072498321532,0.0396440625190734,7,Inception,No,None,0.001,1,SGD
43,0.9991186857223512,0.023244459182024,0.990338146686554,0.0353411436080932,7,Inception,No,None,0.001,1,SGD
44,0.999412477016449,0.0240730848163366,0.990338146686554,0.034419871866703,7,Inception,No,None,0.001,1,SGD
45,0.999706208705902,0.0218982174992561,0.990338146686554,0.0365989692509174,7,Inception,No,None,0.001,1,SGD
46,0.999706208705902,0.020261961966753,0.990338146686554,0.0398776121437549,7,Inception,No,None,0.001,1,SGD
47,0.999706208705902,0.0190755687654018,0.9855072498321532,0.0402590744197368,7,Inception,No,None,0.001,1,SGD
48,0.999412477016449,0.0209213010966777,0.9855072498321532,0.03818179666996,7,Inception,No,None,0.001,1,SGD
49,0.9988248944282532,0.0208841748535633,0.9951691031455994,0.0352803356945514,7,Inception,No,None,0.001,1,SGD
0,0.7837837934494019,0.7141889333724976,0.0676328465342521,143.17333984375,8,Inception,No,None,0.001,1,Adam
1,0.9509400725364684,0.1808409094810485,0.5893719792366028,3.6653146743774414,8,Inception,No,None,0.001,1,Adam
2,0.9715040922164916,0.1108140274882316,0.9178743958473206,0.2707661688327789,8,Inception,No,None,0.001,1,Adam
3,0.9726791977882384,0.0915185287594795,0.7101449370384216,1.1942912340164185,8,Inception,No,None,0.001,1,Adam
4,0.9753231406211852,0.0897940918803215,0.937198042869568,0.1721541434526443,8,Inception,No,None,0.001,1,Adam
5,0.9841362833976746,0.0556035824120044,0.8309178948402405,0.6267871856689453,8,Inception,No,None,0.001,1,Adam
6,0.988249123096466,0.0514763891696929,0.966183602809906,0.1262395232915878,8,Inception,No,None,0.001,1,Adam
7,0.9920681715011596,0.025403281673789,0.9855072498321532,0.0655648484826088,8,Inception,No,None,0.001,1,Adam
8,0.9888366460800172,0.0406130440533161,0.9758453965187072,0.0573970600962638,8,Inception,No,None,0.001,1,Adam
9,0.9844300746917723,0.0549912191927433,0.9275362491607666,0.2980549335479736,8,Inception,No,None,0.001,1,Adam
10,0.988249123096466,0.0401958040893077,0.9951691031455994,0.0158132519572973,8,Inception,No,None,0.001,1,Adam
11,0.9947121143341064,0.0307403597980737,0.8888888955116272,0.3472891449928283,8,Inception,No,None,0.001,1,Adam
12,0.9809048175811768,0.0573354363441467,0.9855072498321532,0.0652242079377174,8,Inception,No,None,0.001,1,Adam
13,0.9864864945411682,0.0452019348740577,0.772946834564209,1.0729055404663086,8,Inception,No,None,0.001,1,Adam
14,0.9950058460235596,0.0183803532272577,0.9516907930374146,0.1909904330968856,8,Inception,No,None,0.001,1,Adam
15,0.991480588912964,0.0277658160775899,0.9758453965187072,0.0932571962475776,8,Inception,No,None,0.001,1,Adam
0,0.6833137273788452,1.0352295637130735,0.5603864789009094,6.140310287475586,9,Inception,No,½,0.001,2,Adam
1,0.9083431363105774,0.3055533468723297,0.8695651888847351,0.8254507184028625,9,Inception,No,½,0.001,2,Adam
2,0.9500587582588196,0.1753438264131546,0.937198042869568,0.2603820860385895,9,Inception,No,½,0.001,2,Adam
3,0.9532902240753174,0.1592384576797485,0.9516907930374146,0.2380291670560836,9,Inception,No,½,0.001,2,Adam
4,0.966216206550598,0.1166500449180603,0.9323671460151672,0.2659599781036377,9,Inception,No,½,0.001,2,Adam
5,0.9715040922164916,0.0971159860491752,0.9420289993286132,0.2487417459487915,9,Inception,No,½,0.001,2,Adam
6,0.97972971200943,0.0748697519302368,0.8840579986572266,0.8160468339920044,9,Inception,No,½,0.001,2,Adam
7,0.9820799231529236,0.0617242716252803,0.9516907930374146,0.3285908699035644,9,Inception,No,½,0.001,2,Adam
8,0.9847238659858704,0.0523138716816902,0.946859896183014,0.228113979101181,9,Inception,No,½,0.001,2,Adam
9,0.9811986088752748,0.0717748478055,0.9806763529777528,0.0868946462869644,9,Inception,No,½,0.001,2,Adam
10,0.9850175976753236,0.0538666956126689,0.9710144996643066,0.0884453207254409,9,Inception,No,½,0.001,2,Adam
11,0.9961809515953064,0.0117155592888593,0.990338146686554,0.0241184551268816,9,Inception,No,½,0.001,2,Adam
12,0.9879553318023682,0.0474724136292934,0.9227052927017212,0.3557142615318298,9,Inception,No,½,0.001,2,Adam
13,0.9803172945976256,0.0662877038121223,0.9758453965187072,0.0873883590102195,9,Inception,No,½,0.001,2,Adam
14,0.9817861318588256,0.089636318385601,0.937198042869568,0.3451606333255768,9,Inception,No,½,0.001,2,Adam
15,0.9841362833976746,0.0589592382311821,0.8599033951759338,1.077083706855774,9,Inception,No,½,0.001,2,Adam
16,0.9820799231529236,0.0593398176133632,0.966183602809906,0.1729069650173187,9,Inception,No,½,0.001,2,Adam
